17380207	NO_RELATION	Arg1:T1	Arg2:T6
17643344	NO_RELATION	Arg1:T4	Arg2:T14
23534442	INHIBITOR	Arg1:T17	Arg2:T23
23534442	INHIBITOR	Arg1:T11	Arg2:T20
23534442	INHIBITOR	Arg1:T12	Arg2:T20
23534442	NO_RELATION	Arg1:T14	Arg2:T18
23534442	NO_RELATION	Arg1:T15	Arg2:T18
23534442	NO_RELATION	Arg1:T1	Arg2:T18
23534442	INHIBITOR	Arg1:T3	Arg2:T19
23534442	INHIBITOR	Arg1:T4	Arg2:T19
23534442	INHIBITOR	Arg1:T5	Arg2:T19
23534442	NO_RELATION	Arg1:T6	Arg2:T19
23534442	NO_RELATION	Arg1:T7	Arg2:T19
16618126	SUBSTRATE	Arg1:T22	Arg2:T45
16618126	NO_RELATION	Arg1:T19	Arg2:T44
16618126	NO_RELATION	Arg1:T20	Arg2:T44
16618126	NO_RELATION	Arg1:T21	Arg2:T44
20091113	NO_RELATION	Arg1:T2	Arg2:T7
20091113	NO_RELATION	Arg1:T2	Arg2:T8
11161433	NO_RELATION	Arg1:T2	Arg2:T9
11161433	NO_RELATION	Arg1:T2	Arg2:T10
11161433	INHIBITOR	Arg1:T4	Arg2:T11
11161433	NO_RELATION	Arg1:T4	Arg2:T13
11161433	NO_RELATION	Arg1:T5	Arg2:T13
11588409	INDIRECT-UPREGULATOR	Arg1:T10	Arg2:T24
11588409	NO_RELATION	Arg1:T16	Arg2:T26
11588409	NO_RELATION	Arg1:T15	Arg2:T26
11588409	NO_RELATION	Arg1:T9	Arg2:T20
11588409	NO_RELATION	Arg1:T9	Arg2:T21
11588409	NO_RELATION	Arg1:T12	Arg2:T17
11588409	NO_RELATION	Arg1:T12	Arg2:T18
11588409	NO_RELATION	Arg1:T2	Arg2:T17
11588409	NO_RELATION	Arg1:T2	Arg2:T18
15932636	NO_RELATION	Arg1:T5	Arg2:T26
15932636	NO_RELATION	Arg1:T23	Arg2:T38
15932636	NO_RELATION	Arg1:T23	Arg2:T37
15932636	NO_RELATION	Arg1:T12	Arg2:T31
15932636	NO_RELATION	Arg1:T12	Arg2:T32
15932636	NO_RELATION	Arg1:T8	Arg2:T28
15932636	NO_RELATION	Arg1:T8	Arg2:T29
15932636	NO_RELATION	Arg1:T18	Arg2:T33
15932636	NO_RELATION	Arg1:T19	Arg2:T33
15932636	NO_RELATION	Arg1:T20	Arg2:T33
15932636	NO_RELATION	Arg1:T21	Arg2:T34
15932636	NO_RELATION	Arg1:T21	Arg2:T35
15932636	NO_RELATION	Arg1:T21	Arg2:T36
15932636	NO_RELATION	Arg1:T2	Arg2:T25
15932636	NO_RELATION	Arg1:T3	Arg2:T25
15932636	NO_RELATION	Arg1:T4	Arg2:T25
20104269	INDIRECT-UPREGULATOR	Arg1:T8	Arg2:T26
20104269	INDIRECT-UPREGULATOR	Arg1:T8	Arg2:T27
20104269	NO_RELATION	Arg1:T3	Arg2:T22
20104269	NO_RELATION	Arg1:T3	Arg2:T23
20104269	NO_RELATION	Arg1:T4	Arg2:T22
20104269	NO_RELATION	Arg1:T4	Arg2:T23
20104269	NO_RELATION	Arg1:T11	Arg2:T12
20104269	NO_RELATION	Arg1:T11	Arg2:T13
20104269	NO_RELATION	Arg1:T1	Arg2:T12
20104269	NO_RELATION	Arg1:T1	Arg2:T13
20104269	AGONIST	Arg1:T5	Arg2:T24
20104269	NO_RELATION	Arg1:T5	Arg2:T25
20104269	AGONIST	Arg1:T6	Arg2:T24
20104269	NO_RELATION	Arg1:T6	Arg2:T25
20104269	ANTAGONIST	Arg1:T7	Arg2:T25
10606746	NO_RELATION	Arg1:T4	Arg2:T23
20421509	INHIBITOR	Arg1:T20	Arg2:T43
20421509	NO_RELATION	Arg1:T10	Arg2:T25
20421509	NO_RELATION	Arg1:T18	Arg2:T42
20421509	NO_RELATION	Arg1:T3	Arg2:T24
20421509	NO_RELATION	Arg1:T13	Arg2:T40
20421509	NO_RELATION	Arg1:T14	Arg2:T40
20421509	NO_RELATION	Arg1:T16	Arg2:T41
20421509	NO_RELATION	Arg1:T17	Arg2:T41
20421509	DIRECT-REGULATOR	Arg1:T19	Arg2:T22
20421509	DIRECT-REGULATOR	Arg1:T1	Arg2:T22
20421509	NO_RELATION	Arg1:T9	Arg2:T32
20421509	NO_RELATION	Arg1:T9	Arg2:T33
20421509	NO_RELATION	Arg1:T9	Arg2:T34
20421509	INHIBITOR	Arg1:T11	Arg2:T37
20421509	INHIBITOR	Arg1:T11	Arg2:T38
20421509	INHIBITOR	Arg1:T12	Arg2:T37
20421509	INHIBITOR	Arg1:T12	Arg2:T38
20421509	NO_RELATION	Arg1:T7	Arg2:T27
20421509	NO_RELATION	Arg1:T7	Arg2:T28
20421509	NO_RELATION	Arg1:T7	Arg2:T29
20421509	NO_RELATION	Arg1:T7	Arg2:T30
20421509	NO_RELATION	Arg1:T8	Arg2:T30
16247743	INHIBITOR	Arg1:T4	Arg2:T9
16247743	INHIBITOR	Arg1:T5	Arg2:T9
12679340	NO_RELATION	Arg1:T6	Arg2:T27
12679340	NO_RELATION	Arg1:T7	Arg2:T27
23127600	NO_RELATION	Arg1:T7	Arg2:T14
23127600	NO_RELATION	Arg1:T8	Arg2:T14
23127600	ACTIVATOR	Arg1:T1	Arg2:T11
23127600	ACTIVATOR	Arg1:T1	Arg2:T12
23111283	NO_RELATION	Arg1:T11	Arg2:T20
23111283	NO_RELATION	Arg1:T2	Arg2:T12
23111283	INHIBITOR	Arg1:T10	Arg2:T17
23111283	INHIBITOR	Arg1:T10	Arg2:T18
23111283	INHIBITOR	Arg1:T10	Arg2:T19
2569356	NO_RELATION	Arg1:T9	Arg2:T16
20801130	NO_RELATION	Arg1:T24	Arg2:T42
20801130	NO_RELATION	Arg1:T21	Arg2:T40
20801130	NO_RELATION	Arg1:T17	Arg2:T39
20801130	DIRECT-REGULATOR	Arg1:T18	Arg2:T39
20801130	DIRECT-REGULATOR	Arg1:T10	Arg2:T35
20801130	DIRECT-REGULATOR	Arg1:T10	Arg2:T36
20801130	DIRECT-REGULATOR	Arg1:T10	Arg2:T37
20801130	DIRECT-REGULATOR	Arg1:T10	Arg2:T38
12086935	NO_RELATION	Arg1:T18	Arg2:T30
12086935	NO_RELATION	Arg1:T15	Arg2:T26
12086935	NO_RELATION	Arg1:T6	Arg2:T21
12086935	NO_RELATION	Arg1:T16	Arg2:T27
12086935	NO_RELATION	Arg1:T16	Arg2:T28
12086935	INDIRECT-UPREGULATOR	Arg1:T16	Arg2:T29
23240892	NO_RELATION	Arg1:T15	Arg2:T21
23240892	NO_RELATION	Arg1:T15	Arg2:T22
23240892	NO_RELATION	Arg1:T4	Arg2:T18
23240892	NO_RELATION	Arg1:T4	Arg2:T19
23240892	NO_RELATION	Arg1:T4	Arg2:T20
15777622	NO_RELATION	Arg1:T9	Arg2:T29
15777622	NO_RELATION	Arg1:T2	Arg2:T21
15777622	NO_RELATION	Arg1:T3	Arg2:T23
15777622	NO_RELATION	Arg1:T3	Arg2:T24
15777622	NO_RELATION	Arg1:T17	Arg2:T19
15777622	NO_RELATION	Arg1:T17	Arg2:T20
15777622	NO_RELATION	Arg1:T1	Arg2:T19
15777622	NO_RELATION	Arg1:T1	Arg2:T20
15777622	NO_RELATION	Arg1:T14	Arg2:T39
15777622	NO_RELATION	Arg1:T14	Arg2:T40
15777622	NO_RELATION	Arg1:T15	Arg2:T40
15777622	NO_RELATION	Arg1:T16	Arg2:T40
15777622	ACTIVATOR	Arg1:T11	Arg2:T30
15777622	NO_RELATION	Arg1:T11	Arg2:T31
15777622	ACTIVATOR	Arg1:T12	Arg2:T30
15777622	NO_RELATION	Arg1:T12	Arg2:T31
15777622	NO_RELATION	Arg1:T13	Arg2:T31
12881227	NO_RELATION	Arg1:T10	Arg2:T40
12881227	INHIBITOR	Arg1:T20	Arg2:T41
12881227	INHIBITOR	Arg1:T20	Arg2:T42
12881227	INHIBITOR	Arg1:T13	Arg2:T39
12881227	INHIBITOR	Arg1:T14	Arg2:T39
12881227	INHIBITOR	Arg1:T11	Arg2:T36
12881227	INHIBITOR	Arg1:T11	Arg2:T37
12881227	INHIBITOR	Arg1:T11	Arg2:T38
12881227	NO_RELATION	Arg1:T2	Arg2:T22
12881227	NO_RELATION	Arg1:T2	Arg2:T23
12881227	NO_RELATION	Arg1:T5	Arg2:T23
17161452	NO_RELATION	Arg1:T9	Arg2:T21
17161452	NO_RELATION	Arg1:T11	Arg2:T22
17161452	INHIBITOR	Arg1:T12	Arg2:T23
17161452	INHIBITOR	Arg1:T12	Arg2:T24
10064839	DIRECT-REGULATOR	Arg1:T50	Arg2:T56
10064839	DIRECT-REGULATOR	Arg1:T40	Arg2:T54
3345199	NO_RELATION	Arg1:T7	Arg2:T30
3345199	NO_RELATION	Arg1:T24	Arg2:T35
3345199	NO_RELATION	Arg1:T25	Arg2:T35
3345199	NO_RELATION	Arg1:T23	Arg2:T27
3345199	NO_RELATION	Arg1:T1	Arg2:T27
17205056	NO_RELATION	Arg1:T12	Arg2:T26
17205056	INHIBITOR	Arg1:T7	Arg2:T22
17205056	NO_RELATION	Arg1:T1	Arg2:T13
17205056	NO_RELATION	Arg1:T1	Arg2:T14
17205056	INHIBITOR	Arg1:T2	Arg2:T15
17205056	INHIBITOR	Arg1:T3	Arg2:T15
17205056	INHIBITOR	Arg1:T4	Arg2:T15
17205056	NO_RELATION	Arg1:T5	Arg2:T18
17205056	NO_RELATION	Arg1:T5	Arg2:T19
17205056	NO_RELATION	Arg1:T5	Arg2:T20
17205056	NO_RELATION	Arg1:T6	Arg2:T19
17205056	NO_RELATION	Arg1:T6	Arg2:T20
17488480	NO_RELATION	Arg1:T13	Arg2:T43
17488480	NO_RELATION	Arg1:T42	Arg2:T43
17488480	NO_RELATION	Arg1:T16	Arg2:T44
17488480	NO_RELATION	Arg1:T16	Arg2:T45
17488480	NO_RELATION	Arg1:T17	Arg2:T44
17488480	NO_RELATION	Arg1:T17	Arg2:T45
17488480	INDIRECT-UPREGULATOR	Arg1:T20	Arg2:T46
17488480	INDIRECT-UPREGULATOR	Arg1:T20	Arg2:T47
17488480	NO_RELATION	Arg1:T21	Arg2:T46
17488480	NO_RELATION	Arg1:T21	Arg2:T47
17488480	INHIBITOR	Arg1:T22	Arg2:T48
17488480	NO_RELATION	Arg1:T22	Arg2:T50
17488480	INHIBITOR	Arg1:T23	Arg2:T48
17488480	NO_RELATION	Arg1:T23	Arg2:T50
17488480	NO_RELATION	Arg1:T24	Arg2:T50
17488480	NO_RELATION	Arg1:T25	Arg2:T50
17488480	NO_RELATION	Arg1:T5	Arg2:T36
17488480	NO_RELATION	Arg1:T5	Arg2:T37
17488480	INDIRECT-DOWNREGULATOR	Arg1:T6	Arg2:T36
17488480	INDIRECT-DOWNREGULATOR	Arg1:T6	Arg2:T37
17488480	NO_RELATION	Arg1:T35	Arg2:T36
17488480	NO_RELATION	Arg1:T35	Arg2:T37
7560228	NO_RELATION	Arg1:T7	Arg2:T23
7560228	INHIBITOR	Arg1:T17	Arg2:T28
7560228	INHIBITOR	Arg1:T17	Arg2:T29
17935273	NO_RELATION	Arg1:T11	Arg2:T27
17935273	NO_RELATION	Arg1:T12	Arg2:T27
9466983	NO_RELATION	Arg1:T3	Arg2:T21
9466983	NO_RELATION	Arg1:T1	Arg2:T11
23538162	NO_RELATION	Arg1:T12	Arg2:T29
23538162	NO_RELATION	Arg1:T5	Arg2:T19
23538162	INDIRECT-DOWNREGULATOR	Arg1:T5	Arg2:T20
23538162	INHIBITOR	Arg1:T7	Arg2:T23
23538162	NO_RELATION	Arg1:T7	Arg2:T24
23538162	NO_RELATION	Arg1:T8	Arg2:T24
23538162	NO_RELATION	Arg1:T11	Arg2:T25
23538162	NO_RELATION	Arg1:T11	Arg2:T26
23538162	NO_RELATION	Arg1:T11	Arg2:T27
23538162	NO_RELATION	Arg1:T11	Arg2:T28
23238784	NO_RELATION	Arg1:T8	Arg2:T16
23123662	SUBSTRATE	Arg1:T26	Arg2:T42
23123662	NO_RELATION	Arg1:T11	Arg2:T34
23123662	NO_RELATION	Arg1:T15	Arg2:T37
23123662	NO_RELATION	Arg1:T15	Arg2:T38
23123662	NO_RELATION	Arg1:T16	Arg2:T37
23123662	SUBSTRATE	Arg1:T5	Arg2:T31
23123662	SUBSTRATE	Arg1:T5	Arg2:T32
23123662	NO_RELATION	Arg1:T6	Arg2:T32
23123662	INHIBITOR	Arg1:T7	Arg2:T32
23608239	NO_RELATION	Arg1:T17	Arg2:T24
23266505	NO_RELATION	Arg1:T7	Arg2:T21
23266505	NO_RELATION	Arg1:T10	Arg2:T21
23266505	NO_RELATION	Arg1:T15	Arg2:T24
23266505	NO_RELATION	Arg1:T16	Arg2:T24
23266505	INDIRECT-UPREGULATOR	Arg1:T17	Arg2:T31
23266505	INDIRECT-UPREGULATOR	Arg1:T17	Arg2:T32
23266505	NO_RELATION	Arg1:T4	Arg2:T22
23266505	INDIRECT-DOWNREGULATOR	Arg1:T5	Arg2:T22
23266505	NO_RELATION	Arg1:T6	Arg2:T22
10712236	NO_RELATION	Arg1:T17	Arg2:T37
10712236	NO_RELATION	Arg1:T29	Arg2:T31
10712236	NO_RELATION	Arg1:T1	Arg2:T32
10712236	NO_RELATION	Arg1:T13	Arg2:T36
10712236	NO_RELATION	Arg1:T14	Arg2:T36
1526623	NO_RELATION	Arg1:T31	Arg2:T43
1526623	NO_RELATION	Arg1:T3	Arg2:T34
1526623	NO_RELATION	Arg1:T29	Arg2:T33
1526623	NO_RELATION	Arg1:T30	Arg2:T33
1526623	DIRECT-REGULATOR	Arg1:T2	Arg2:T33
1526623	NO_RELATION	Arg1:T12	Arg2:T36
1526623	NO_RELATION	Arg1:T12	Arg2:T37
1526623	DIRECT-REGULATOR	Arg1:T13	Arg2:T36
1526623	DIRECT-REGULATOR	Arg1:T13	Arg2:T37
1526623	DIRECT-REGULATOR	Arg1:T22	Arg2:T42
1526623	DIRECT-REGULATOR	Arg1:T23	Arg2:T42
1526623	NO_RELATION	Arg1:T24	Arg2:T42
1526623	NO_RELATION	Arg1:T25	Arg2:T42
1526623	DIRECT-REGULATOR	Arg1:T27	Arg2:T42
23102509	NO_RELATION	Arg1:T10	Arg2:T26
23102509	INDIRECT-UPREGULATOR	Arg1:T10	Arg2:T27
17218486	NO_RELATION	Arg1:T5	Arg2:T43
17218486	NO_RELATION	Arg1:T5	Arg2:T44
17218486	NO_RELATION	Arg1:T1	Arg2:T37
17218486	NO_RELATION	Arg1:T1	Arg2:T38
17218486	NO_RELATION	Arg1:T1	Arg2:T39
17218486	NO_RELATION	Arg1:T3	Arg2:T40
17218486	AGONIST	Arg1:T3	Arg2:T41
17218486	AGONIST	Arg1:T4	Arg2:T41
17218486	NO_RELATION	Arg1:T28	Arg2:T36
17218486	NO_RELATION	Arg1:T29	Arg2:T36
17218486	NO_RELATION	Arg1:T30	Arg2:T36
17218486	NO_RELATION	Arg1:T31	Arg2:T36
17218486	NO_RELATION	Arg1:T22	Arg2:T49
17218486	NO_RELATION	Arg1:T22	Arg2:T50
17218486	NO_RELATION	Arg1:T22	Arg2:T51
17218486	NO_RELATION	Arg1:T23	Arg2:T49
17218486	NO_RELATION	Arg1:T23	Arg2:T50
17218486	NO_RELATION	Arg1:T23	Arg2:T51
23640884	NO_RELATION	Arg1:T15	Arg2:T44
23640884	NO_RELATION	Arg1:T15	Arg2:T45
23640884	ACTIVATOR	Arg1:T12	Arg2:T41
23640884	ACTIVATOR	Arg1:T13	Arg2:T41
23640884	NO_RELATION	Arg1:T6	Arg2:T29
23640884	NO_RELATION	Arg1:T6	Arg2:T30
23640884	NO_RELATION	Arg1:T6	Arg2:T31
23640884	NO_RELATION	Arg1:T14	Arg2:T42
23640884	NO_RELATION	Arg1:T14	Arg2:T17
23640884	NO_RELATION	Arg1:T14	Arg2:T18
23640884	NO_RELATION	Arg1:T7	Arg2:T32
23640884	NO_RELATION	Arg1:T7	Arg2:T33
23640884	NO_RELATION	Arg1:T8	Arg2:T33
23640884	NO_RELATION	Arg1:T9	Arg2:T33
23640884	ACTIVATOR	Arg1:T10	Arg2:T34
23640884	ACTIVATOR	Arg1:T10	Arg2:T35
23640884	ACTIVATOR	Arg1:T10	Arg2:T36
23640884	ACTIVATOR	Arg1:T10	Arg2:T37
23640884	NO_RELATION	Arg1:T2	Arg2:T20
23640884	NO_RELATION	Arg1:T2	Arg2:T21
23640884	NO_RELATION	Arg1:T2	Arg2:T22
23640884	NO_RELATION	Arg1:T3	Arg2:T20
23640884	NO_RELATION	Arg1:T3	Arg2:T21
23640884	NO_RELATION	Arg1:T3	Arg2:T22
23296102	NO_RELATION	Arg1:T10	Arg2:T12
23296102	NO_RELATION	Arg1:T10	Arg2:T13
19039322	NO_RELATION	Arg1:T3	Arg2:T22
19039322	INHIBITOR	Arg1:T3	Arg2:T23
19039322	INHIBITOR	Arg1:T9	Arg2:T28
19039322	NO_RELATION	Arg1:T10	Arg2:T28
19039322	INHIBITOR	Arg1:T11	Arg2:T13
19039322	INHIBITOR	Arg1:T11	Arg2:T14
19039322	INHIBITOR	Arg1:T1	Arg2:T16
19039322	INHIBITOR	Arg1:T1	Arg2:T17
19039322	INHIBITOR	Arg1:T2	Arg2:T18
19039322	INHIBITOR	Arg1:T2	Arg2:T19
23220749	NO_RELATION	Arg1:T13	Arg2:T28
23220749	INHIBITOR	Arg1:T12	Arg2:T27
23220749	NO_RELATION	Arg1:T2	Arg2:T14
23220749	NO_RELATION	Arg1:T4	Arg2:T17
23194825	INHIBITOR	Arg1:T1	Arg2:T44
23194825	NO_RELATION	Arg1:T36	Arg2:T48
23194825	NO_RELATION	Arg1:T37	Arg2:T48
23194825	INHIBITOR	Arg1:T9	Arg2:T47
23194825	INHIBITOR	Arg1:T10	Arg2:T47
8384716	NO_RELATION	Arg1:T6	Arg2:T26
23412396	NO_RELATION	Arg1:T18	Arg2:T30
23412396	NO_RELATION	Arg1:T13	Arg2:T28
23412396	NO_RELATION	Arg1:T7	Arg2:T22
23412396	NO_RELATION	Arg1:T7	Arg2:T24
10510456	NO_RELATION	Arg1:T6	Arg2:T16
10510456	NO_RELATION	Arg1:T8	Arg2:T13
10510456	NO_RELATION	Arg1:T9	Arg2:T13
10510456	NO_RELATION	Arg1:T1	Arg2:T13
1666997	ACTIVATOR	Arg1:T12	Arg2:T26
1666997	ANTAGONIST	Arg1:T14	Arg2:T28
1666997	NO_RELATION	Arg1:T15	Arg2:T29
1666997	DIRECT-REGULATOR	Arg1:T5	Arg2:T23
1666997	DIRECT-REGULATOR	Arg1:T6	Arg2:T23
1666997	NO_RELATION	Arg1:T3	Arg2:T22
1666997	NO_RELATION	Arg1:T4	Arg2:T22
1666997	NO_RELATION	Arg1:T9	Arg2:T24
1666997	NO_RELATION	Arg1:T9	Arg2:T25
1666997	NO_RELATION	Arg1:T10	Arg2:T24
1666997	NO_RELATION	Arg1:T10	Arg2:T25
23561088	INHIBITOR	Arg1:T15	Arg2:T19
23561088	NO_RELATION	Arg1:T14	Arg2:T16
23597506	NO_RELATION	Arg1:T2	Arg2:T16
23597506	NO_RELATION	Arg1:T2	Arg2:T17
8142113	NO_RELATION	Arg1:T5	Arg2:T18
9015795	DIRECT-REGULATOR	Arg1:T3	Arg2:T27
9015795	NO_RELATION	Arg1:T6	Arg2:T29
9015795	NO_RELATION	Arg1:T7	Arg2:T29
9015795	NO_RELATION	Arg1:T8	Arg2:T29
15840827	DIRECT-REGULATOR	Arg1:T4	Arg2:T16
15840827	NO_RELATION	Arg1:T4	Arg2:T17
15840827	ANTAGONIST	Arg1:T3	Arg2:T13
15840827	ANTAGONIST	Arg1:T3	Arg2:T14
15840827	NO_RELATION	Arg1:T3	Arg2:T15
17352685	NO_RELATION	Arg1:T8	Arg2:T20
17352685	INHIBITOR	Arg1:T1	Arg2:T12
17352685	INHIBITOR	Arg1:T2	Arg2:T12
23643933	NO_RELATION	Arg1:T2	Arg2:T11
23643933	NO_RELATION	Arg1:T3	Arg2:T13
23643933	NO_RELATION	Arg1:T6	Arg2:T15
23643933	NO_RELATION	Arg1:T6	Arg2:T16
15184278	DIRECT-REGULATOR	Arg1:T21	Arg2:T35
15908512	NO_RELATION	Arg1:T8	Arg2:T22
15908512	NO_RELATION	Arg1:T8	Arg2:T25
15908512	ACTIVATOR	Arg1:T14	Arg2:T17
15908512	NO_RELATION	Arg1:T15	Arg2:T17
15908512	NO_RELATION	Arg1:T16	Arg2:T17
23614643	NO_RELATION	Arg1:T4	Arg2:T19
23614643	NO_RELATION	Arg1:T4	Arg2:T20
23614643	INDIRECT-DOWNREGULATOR	Arg1:T1	Arg2:T10
23614643	NO_RELATION	Arg1:T1	Arg2:T11
23614643	NO_RELATION	Arg1:T1	Arg2:T12
16835395	NO_RELATION	Arg1:T8	Arg2:T25
16835395	NO_RELATION	Arg1:T4	Arg2:T24
16835395	NO_RELATION	Arg1:T5	Arg2:T24
16835395	NO_RELATION	Arg1:T6	Arg2:T24
23339678	NO_RELATION	Arg1:T4	Arg2:T8
23620256	NO_RELATION	Arg1:T1	Arg2:T7
23620256	NO_RELATION	Arg1:T4	Arg2:T11
23620256	NO_RELATION	Arg1:T5	Arg2:T11
23601203	NO_RELATION	Arg1:T3	Arg2:T13
16965760	NO_RELATION	Arg1:T11	Arg2:T28
16965760	NO_RELATION	Arg1:T1	Arg2:T24
16965760	ACTIVATOR	Arg1:T20	Arg2:T33
16965760	ACTIVATOR	Arg1:T21	Arg2:T33
16965760	NO_RELATION	Arg1:T18	Arg2:T32
16965760	NO_RELATION	Arg1:T19	Arg2:T32
16965760	NO_RELATION	Arg1:T2	Arg2:T25
16965760	NO_RELATION	Arg1:T5	Arg2:T25
16965760	NO_RELATION	Arg1:T7	Arg2:T25
23391336	NO_RELATION	Arg1:T1	Arg2:T12
23391336	NO_RELATION	Arg1:T7	Arg2:T15
23391336	NO_RELATION	Arg1:T8	Arg2:T15
23391336	NO_RELATION	Arg1:T3	Arg2:T14
23391336	NO_RELATION	Arg1:T4	Arg2:T14
12167474	NO_RELATION	Arg1:T5	Arg2:T42
12167474	SUBSTRATE	Arg1:T20	Arg2:T54
12167474	NO_RELATION	Arg1:T21	Arg2:T54
10546982	INHIBITOR	Arg1:T3	Arg2:T13
10546982	NO_RELATION	Arg1:T7	Arg2:T16
10546982	INHIBITOR	Arg1:T4	Arg2:T14
10546982	INHIBITOR	Arg1:T5	Arg2:T14
15898717	NO_RELATION	Arg1:T4	Arg2:T19
15898717	NO_RELATION	Arg1:T4	Arg2:T18
15898717	NO_RELATION	Arg1:T2	Arg2:T12
15898717	NO_RELATION	Arg1:T2	Arg2:T13
15955565	INDIRECT-UPREGULATOR	Arg1:T2	Arg2:T10
15955565	NO_RELATION	Arg1:T3	Arg2:T10
19372559	NO_RELATION	Arg1:T3	Arg2:T19
19372559	NO_RELATION	Arg1:T2	Arg2:T14
15939622	INHIBITOR	Arg1:T1	Arg2:T19
15939622	INHIBITOR	Arg1:T2	Arg2:T19
15939622	NO_RELATION	Arg1:T9	Arg2:T18
15939622	NO_RELATION	Arg1:T11	Arg2:T18
15939622	INHIBITOR	Arg1:T12	Arg2:T18
15939622	INHIBITOR	Arg1:T13	Arg2:T18
15939622	NO_RELATION	Arg1:T6	Arg2:T20
15939622	NO_RELATION	Arg1:T6	Arg2:T21
15939622	NO_RELATION	Arg1:T7	Arg2:T20
15939622	NO_RELATION	Arg1:T7	Arg2:T21
15939622	NO_RELATION	Arg1:T8	Arg2:T21
15939622	INHIBITOR	Arg1:T10	Arg2:T21
17496727	INHIBITOR	Arg1:T2	Arg2:T15
12181285	NO_RELATION	Arg1:T1	Arg2:T27
12181285	INHIBITOR	Arg1:T2	Arg2:T27
12181285	NO_RELATION	Arg1:T21	Arg2:T47
12181285	NO_RELATION	Arg1:T22	Arg2:T47
12181285	NO_RELATION	Arg1:T23	Arg2:T47
12181285	NO_RELATION	Arg1:T14	Arg2:T34
12181285	NO_RELATION	Arg1:T14	Arg2:T35
12181285	NO_RELATION	Arg1:T14	Arg2:T36
12181285	NO_RELATION	Arg1:T17	Arg2:T28
12181285	NO_RELATION	Arg1:T17	Arg2:T31
12181285	NO_RELATION	Arg1:T18	Arg2:T28
12181285	NO_RELATION	Arg1:T18	Arg2:T31
12181285	NO_RELATION	Arg1:T9	Arg2:T32
12181285	NO_RELATION	Arg1:T9	Arg2:T33
12181285	NO_RELATION	Arg1:T10	Arg2:T32
12181285	NO_RELATION	Arg1:T10	Arg2:T33
12181285	SUBSTRATE	Arg1:T4	Arg2:T29
12181285	SUBSTRATE	Arg1:T5	Arg2:T29
12181285	SUBSTRATE	Arg1:T6	Arg2:T29
12181285	NO_RELATION	Arg1:T7	Arg2:T29
12181285	SUBSTRATE	Arg1:T8	Arg2:T29
23455597	ANTAGONIST	Arg1:T15	Arg2:T21
23455597	ANTAGONIST	Arg1:T7	Arg2:T19
23570998	NO_RELATION	Arg1:T15	Arg2:T24
23570998	NO_RELATION	Arg1:T16	Arg2:T24
23570998	INDIRECT-UPREGULATOR	Arg1:T17	Arg2:T19
23570998	NO_RELATION	Arg1:T17	Arg2:T20
23570998	NO_RELATION	Arg1:T17	Arg2:T21
23570998	NO_RELATION	Arg1:T17	Arg2:T22
16480505	NO_RELATION	Arg1:T8	Arg2:T15
16480505	SUBSTRATE	Arg1:T2	Arg2:T9
16480505	SUBSTRATE	Arg1:T2	Arg2:T10
15291969	NO_RELATION	Arg1:T1	Arg2:T24
15291969	NO_RELATION	Arg1:T1	Arg2:T25
11775064	NO_RELATION	Arg1:T1	Arg2:T32
11775064	NO_RELATION	Arg1:T29	Arg2:T39
11775064	NO_RELATION	Arg1:T30	Arg2:T39
11775064	NO_RELATION	Arg1:T17	Arg2:T36
11775064	NO_RELATION	Arg1:T18	Arg2:T36
11775064	NO_RELATION	Arg1:T24	Arg2:T33
11775064	NO_RELATION	Arg1:T3	Arg2:T33
11775064	NO_RELATION	Arg1:T9	Arg2:T33
11775064	NO_RELATION	Arg1:T23	Arg2:T37
11775064	NO_RELATION	Arg1:T23	Arg2:T38
11775064	NO_RELATION	Arg1:T25	Arg2:T37
11775064	NO_RELATION	Arg1:T25	Arg2:T38
17085856	ANTAGONIST	Arg1:T13	Arg2:T27
17085856	NO_RELATION	Arg1:T20	Arg2:T29
17085856	NO_RELATION	Arg1:T1	Arg2:T24
17085856	NO_RELATION	Arg1:T8	Arg2:T25
17085856	NO_RELATION	Arg1:T9	Arg2:T25
12699699	NO_RELATION	Arg1:T3	Arg2:T16
17344208	NO_RELATION	Arg1:T8	Arg2:T16
17344208	NO_RELATION	Arg1:T8	Arg2:T17
16789740	NO_RELATION	Arg1:T2	Arg2:T8
16789740	INHIBITOR	Arg1:T4	Arg2:T14
16789740	NO_RELATION	Arg1:T4	Arg2:T13
22709946	NO_RELATION	Arg1:T1	Arg2:T9
23376217	NO_RELATION	Arg1:T3	Arg2:T11
23376217	NO_RELATION	Arg1:T2	Arg2:T7
23428155	NO_RELATION	Arg1:T2	Arg2:T10
23428155	INHIBITOR	Arg1:T3	Arg2:T10
10988273	ACTIVATOR	Arg1:T13	Arg2:T21
10988273	NO_RELATION	Arg1:T12	Arg2:T29
10988273	ANTAGONIST	Arg1:T15	Arg2:T30
10988273	ANTAGONIST	Arg1:T16	Arg2:T30
10988273	NO_RELATION	Arg1:T5	Arg2:T17
10988273	NO_RELATION	Arg1:T5	Arg2:T18
10988273	NO_RELATION	Arg1:T8	Arg2:T22
10988273	NO_RELATION	Arg1:T8	Arg2:T23
10988273	NO_RELATION	Arg1:T8	Arg2:T24
23253172	NO_RELATION	Arg1:T9	Arg2:T22
23253172	NO_RELATION	Arg1:T21	Arg2:T22
23265892	NO_RELATION	Arg1:T7	Arg2:T10
20531964	NO_RELATION	Arg1:T7	Arg2:T16
20531964	NO_RELATION	Arg1:T7	Arg2:T17
23231502	NO_RELATION	Arg1:T2	Arg2:T25
23231502	NO_RELATION	Arg1:T22	Arg2:T24
23231502	NO_RELATION	Arg1:T1	Arg2:T24
9299436	NO_RELATION	Arg1:T2	Arg2:T12
23494802	NO_RELATION	Arg1:T6	Arg2:T16
23494802	NO_RELATION	Arg1:T6	Arg2:T15
23494802	NO_RELATION	Arg1:T3	Arg2:T7
23494802	NO_RELATION	Arg1:T3	Arg2:T8
23494802	NO_RELATION	Arg1:T3	Arg2:T9
23494802	NO_RELATION	Arg1:T3	Arg2:T10
10493852	DIRECT-REGULATOR	Arg1:T3	Arg2:T15
10493852	INHIBITOR	Arg1:T1	Arg2:T4
10493852	NO_RELATION	Arg1:T2	Arg2:T4
1730582	NO_RELATION	Arg1:T24	Arg2:T40
1730582	NO_RELATION	Arg1:T39	Arg2:T40
23118019	NO_RELATION	Arg1:T18	Arg2:T23
12047490	NO_RELATION	Arg1:T5	Arg2:T22
12047490	NO_RELATION	Arg1:T6	Arg2:T22
1978244	NO_RELATION	Arg1:T8	Arg2:T30
1978244	NO_RELATION	Arg1:T9	Arg2:T30
1978244	NO_RELATION	Arg1:T2	Arg2:T29
1978244	NO_RELATION	Arg1:T3	Arg2:T29
1978244	NO_RELATION	Arg1:T4	Arg2:T29
1978244	NO_RELATION	Arg1:T20	Arg2:T31
1978244	NO_RELATION	Arg1:T22	Arg2:T31
1978244	NO_RELATION	Arg1:T24	Arg2:T31
1978244	NO_RELATION	Arg1:T1	Arg2:T31
23614730	NO_RELATION	Arg1:T5	Arg2:T27
23477419	AGONIST	Arg1:T17	Arg2:T21
12375053	NO_RELATION	Arg1:T2	Arg2:T8
7599160	NO_RELATION	Arg1:T3	Arg2:T29
7599160	NO_RELATION	Arg1:T4	Arg2:T29
7599160	NO_RELATION	Arg1:T24	Arg2:T33
7599160	NO_RELATION	Arg1:T24	Arg2:T34
7599160	NO_RELATION	Arg1:T24	Arg2:T35
7599160	NO_RELATION	Arg1:T24	Arg2:T36
1590750	NO_RELATION	Arg1:T2	Arg2:T18
16220064	DIRECT-REGULATOR	Arg1:T10	Arg2:T17
16220064	INHIBITOR	Arg1:T13	Arg2:T14
16220064	DIRECT-REGULATOR	Arg1:T1	Arg2:T11
23273219	INHIBITOR	Arg1:T3	Arg2:T12
23273219	INHIBITOR	Arg1:T3	Arg2:T13
23273219	INHIBITOR	Arg1:T2	Arg2:T4
23273219	INHIBITOR	Arg1:T2	Arg2:T5
23273219	INHIBITOR	Arg1:T2	Arg2:T6
19023039	PART-OF	Arg1:T13	Arg2:T20
19023039	ANTAGONIST	Arg1:T11	Arg2:T24
19023039	INHIBITOR	Arg1:T11	Arg2:T26
19023039	NO_RELATION	Arg1:T12	Arg2:T26
19023039	NO_RELATION	Arg1:T7	Arg2:T18
19023039	NO_RELATION	Arg1:T8	Arg2:T18
19023039	NO_RELATION	Arg1:T9	Arg2:T18
19023039	NO_RELATION	Arg1:T10	Arg2:T18
23313557	NO_RELATION	Arg1:T10	Arg2:T41
23313557	NO_RELATION	Arg1:T5	Arg2:T21
23313557	NO_RELATION	Arg1:T1	Arg2:T14
23313557	NO_RELATION	Arg1:T1	Arg2:T15
10583449	NO_RELATION	Arg1:T20	Arg2:T21
10583449	NO_RELATION	Arg1:T11	Arg2:T21
23506741	ACTIVATOR	Arg1:T3	Arg2:T18
23506741	ACTIVATOR	Arg1:T11	Arg2:T27
23506741	INHIBITOR	Arg1:T10	Arg2:T27
23506741	NO_RELATION	Arg1:T4	Arg2:T19
23506741	NO_RELATION	Arg1:T5	Arg2:T19
23506741	NO_RELATION	Arg1:T6	Arg2:T19
23506741	NO_RELATION	Arg1:T7	Arg2:T19
23506741	NO_RELATION	Arg1:T2	Arg2:T14
23506741	NO_RELATION	Arg1:T2	Arg2:T15
23506741	NO_RELATION	Arg1:T2	Arg2:T16
23506741	NO_RELATION	Arg1:T2	Arg2:T17
23479193	INHIBITOR	Arg1:T5	Arg2:T10
23362135	NO_RELATION	Arg1:T2	Arg2:T13
23362135	NO_RELATION	Arg1:T5	Arg2:T18
23362135	NO_RELATION	Arg1:T9	Arg2:T19
23362135	NO_RELATION	Arg1:T9	Arg2:T10
18973551	NO_RELATION	Arg1:T3	Arg2:T25
18973551	NO_RELATION	Arg1:T11	Arg2:T30
18973551	NO_RELATION	Arg1:T11	Arg2:T31
18973551	NO_RELATION	Arg1:T20	Arg2:T23
18973551	NO_RELATION	Arg1:T21	Arg2:T23
18973551	NO_RELATION	Arg1:T1	Arg2:T23
12070353	NO_RELATION	Arg1:T12	Arg2:T20
12070353	NO_RELATION	Arg1:T5	Arg2:T16
12070353	ACTIVATOR	Arg1:T1	Arg2:T13
12070353	NO_RELATION	Arg1:T4	Arg2:T14
12070353	NO_RELATION	Arg1:T4	Arg2:T15
12070353	NO_RELATION	Arg1:T10	Arg2:T18
12070353	NO_RELATION	Arg1:T10	Arg2:T19
14757703	NO_RELATION	Arg1:T23	Arg2:T36
14757703	NO_RELATION	Arg1:T1	Arg2:T24
14757703	ACTIVATOR	Arg1:T14	Arg2:T35
14757703	NO_RELATION	Arg1:T14	Arg2:T27
14757703	NO_RELATION	Arg1:T6	Arg2:T25
14757703	NO_RELATION	Arg1:T7	Arg2:T25
15811959	NO_RELATION	Arg1:T2	Arg2:T8
15811959	INDIRECT-UPREGULATOR	Arg1:T3	Arg2:T8
15811959	NO_RELATION	Arg1:T4	Arg2:T21
15811959	NO_RELATION	Arg1:T4	Arg2:T22
15811959	NO_RELATION	Arg1:T4	Arg2:T23
17510308	NO_RELATION	Arg1:T10	Arg2:T30
17510308	NO_RELATION	Arg1:T11	Arg2:T31
17510308	NO_RELATION	Arg1:T12	Arg2:T32
17510308	NO_RELATION	Arg1:T12	Arg2:T14
17510308	NO_RELATION	Arg1:T2	Arg2:T21
17510308	NO_RELATION	Arg1:T3	Arg2:T21
17510308	NO_RELATION	Arg1:T13	Arg2:T33
17510308	NO_RELATION	Arg1:T13	Arg2:T34
17510308	NO_RELATION	Arg1:T13	Arg2:T35
17510308	NO_RELATION	Arg1:T7	Arg2:T27
17510308	NO_RELATION	Arg1:T7	Arg2:T28
17510308	NO_RELATION	Arg1:T8	Arg2:T27
17510308	NO_RELATION	Arg1:T8	Arg2:T28
10446934	NO_RELATION	Arg1:T15	Arg2:T38
23370008	NO_RELATION	Arg1:T12	Arg2:T30
23370008	NO_RELATION	Arg1:T3	Arg2:T24
23370008	NO_RELATION	Arg1:T7	Arg2:T25
23370008	NO_RELATION	Arg1:T8	Arg2:T25
23370008	NO_RELATION	Arg1:T9	Arg2:T25
23143891	SUBSTRATE	Arg1:T4	Arg2:T20
23143891	SUBSTRATE	Arg1:T4	Arg2:T21
23143891	SUBSTRATE	Arg1:T14	Arg2:T24
23143891	SUBSTRATE	Arg1:T15	Arg2:T24
23143891	NO_RELATION	Arg1:T16	Arg2:T24
23143891	NO_RELATION	Arg1:T17	Arg2:T24
23091188	NO_RELATION	Arg1:T19	Arg2:T50
16782282	NO_RELATION	Arg1:T6	Arg2:T25
16782282	NO_RELATION	Arg1:T6	Arg2:T26
16782282	NO_RELATION	Arg1:T4	Arg2:T23
16782282	NO_RELATION	Arg1:T4	Arg2:T24
22898212	INHIBITOR	Arg1:T16	Arg2:T33
22898212	NO_RELATION	Arg1:T6	Arg2:T30
22898212	NO_RELATION	Arg1:T6	Arg2:T31
22898212	NO_RELATION	Arg1:T27	Arg2:T34
22898212	NO_RELATION	Arg1:T29	Arg2:T34
22898212	PART-OF	Arg1:T28	Arg2:T34
1375507	INDIRECT-DOWNREGULATOR	Arg1:T20	Arg2:T34
1375507	INDIRECT-DOWNREGULATOR	Arg1:T12	Arg2:T28
1375507	INDIRECT-DOWNREGULATOR	Arg1:T19	Arg2:T22
1375507	NO_RELATION	Arg1:T10	Arg2:T26
1375507	ACTIVATOR	Arg1:T13	Arg2:T32
1375507	INHIBITOR	Arg1:T14	Arg2:T32
1375507	INHIBITOR	Arg1:T15	Arg2:T32
7554708	NO_RELATION	Arg1:T4	Arg2:T24
7554708	INHIBITOR	Arg1:T17	Arg2:T25
7554708	INHIBITOR	Arg1:T17	Arg2:T28
7554708	NO_RELATION	Arg1:T16	Arg2:T31
7554708	NO_RELATION	Arg1:T16	Arg2:T32
7554708	INHIBITOR	Arg1:T8	Arg2:T26
7554708	INHIBITOR	Arg1:T8	Arg2:T27
16741870	NO_RELATION	Arg1:T4	Arg2:T9
17098734	NO_RELATION	Arg1:T10	Arg2:T22
14600253	NO_RELATION	Arg1:T15	Arg2:T28
14600253	SUBSTRATE	Arg1:T6	Arg2:T20
14600253	SUBSTRATE	Arg1:T12	Arg2:T26
14600253	NO_RELATION	Arg1:T7	Arg2:T22
14600253	NO_RELATION	Arg1:T7	Arg2:T27
14600253	INHIBITOR	Arg1:T10	Arg2:T24
14600253	SUBSTRATE	Arg1:T11	Arg2:T24
12614192	NO_RELATION	Arg1:T1	Arg2:T9
12614192	INHIBITOR	Arg1:T3	Arg2:T11
12614192	INHIBITOR	Arg1:T4	Arg2:T11
12614192	INHIBITOR	Arg1:T5	Arg2:T12
12614192	NO_RELATION	Arg1:T5	Arg2:T13
12614192	NO_RELATION	Arg1:T5	Arg2:T14
15866288	INHIBITOR	Arg1:T1	Arg2:T10
15866288	INHIBITOR	Arg1:T2	Arg2:T11
15866288	INHIBITOR	Arg1:T6	Arg2:T15
15866288	NO_RELATION	Arg1:T6	Arg2:T9
11972613	NO_RELATION	Arg1:T16	Arg2:T31
11972613	NO_RELATION	Arg1:T13	Arg2:T27
11972613	NO_RELATION	Arg1:T14	Arg2:T28
11972613	NO_RELATION	Arg1:T1	Arg2:T17
11972613	INDIRECT-UPREGULATOR	Arg1:T6	Arg2:T20
11972613	ACTIVATOR	Arg1:T6	Arg2:T21
11972613	NO_RELATION	Arg1:T9	Arg2:T23
11972613	NO_RELATION	Arg1:T10	Arg2:T23
11972613	NO_RELATION	Arg1:T11	Arg2:T23
15452358	DIRECT-REGULATOR	Arg1:T11	Arg2:T20
15452358	NO_RELATION	Arg1:T1	Arg2:T13
15452358	NO_RELATION	Arg1:T15	Arg2:T16
23128353	INDIRECT-DOWNREGULATOR	Arg1:T1	Arg2:T12
23128353	INDIRECT-UPREGULATOR	Arg1:T1	Arg2:T13
15030294	INHIBITOR	Arg1:T8	Arg2:T13
15030294	ANTAGONIST	Arg1:T1	Arg2:T11
15030294	NO_RELATION	Arg1:T12	Arg2:T11
2859531	NO_RELATION	Arg1:T10	Arg2:T23
2859531	INDIRECT-DOWNREGULATOR	Arg1:T2	Arg2:T14
2859531	NO_RELATION	Arg1:T12	Arg2:T13
2859531	NO_RELATION	Arg1:T1	Arg2:T13
15498586	NO_RELATION	Arg1:T1	Arg2:T12
15498586	NO_RELATION	Arg1:T5	Arg2:T17
15498586	NO_RELATION	Arg1:T10	Arg2:T23
15498586	NO_RELATION	Arg1:T11	Arg2:T23
15498586	NO_RELATION	Arg1:T3	Arg2:T14
15498586	NO_RELATION	Arg1:T3	Arg2:T15
8606397	NO_RELATION	Arg1:T2	Arg2:T9
1911436	NO_RELATION	Arg1:T7	Arg2:T23
1911436	NO_RELATION	Arg1:T2	Arg2:T21
1911436	NO_RELATION	Arg1:T4	Arg2:T22
1911436	NO_RELATION	Arg1:T5	Arg2:T22
1911436	INHIBITOR	Arg1:T15	Arg2:T26
1911436	INHIBITOR	Arg1:T16	Arg2:T26
1911436	INHIBITOR	Arg1:T17	Arg2:T26
17382376	NO_RELATION	Arg1:T7	Arg2:T27
12112047	INDIRECT-DOWNREGULATOR	Arg1:T6	Arg2:T8
12112047	NO_RELATION	Arg1:T6	Arg2:T9
8730743	NO_RELATION	Arg1:T11	Arg2:T23
8730743	INDIRECT-DOWNREGULATOR	Arg1:T2	Arg2:T15
8730743	NO_RELATION	Arg1:T3	Arg2:T16
8730743	NO_RELATION	Arg1:T4	Arg2:T18
8730743	NO_RELATION	Arg1:T5	Arg2:T20
8730743	NO_RELATION	Arg1:T12	Arg2:T25
8730743	NO_RELATION	Arg1:T12	Arg2:T24
16893531	INHIBITOR	Arg1:T13	Arg2:T30
16893531	NO_RELATION	Arg1:T4	Arg2:T25
16893531	NO_RELATION	Arg1:T1	Arg2:T23
16893531	NO_RELATION	Arg1:T1	Arg2:T24
16893531	NO_RELATION	Arg1:T8	Arg2:T27
16893531	NO_RELATION	Arg1:T9	Arg2:T27
16357751	NO_RELATION	Arg1:T1	Arg2:T2
23481236	PRODUCT-OF	Arg1:T16	Arg2:T45
23481236	NO_RELATION	Arg1:T8	Arg2:T36
23481236	INHIBITOR	Arg1:T17	Arg2:T46
23481236	INHIBITOR	Arg1:T17	Arg2:T47
23481236	NO_RELATION	Arg1:T6	Arg2:T30
23481236	NO_RELATION	Arg1:T6	Arg2:T31
11961111	NO_RELATION	Arg1:T8	Arg2:T14
11961111	NO_RELATION	Arg1:T2	Arg2:T12
11961111	NO_RELATION	Arg1:T3	Arg2:T12
14692707	NO_RELATION	Arg1:T11	Arg2:T17
14692707	NO_RELATION	Arg1:T1	Arg2:T13
14692707	NO_RELATION	Arg1:T7	Arg2:T15
14692707	NO_RELATION	Arg1:T7	Arg2:T12
12901032	NO_RELATION	Arg1:T14	Arg2:T22
12901032	NO_RELATION	Arg1:T14	Arg2:T23
23344974	PART-OF	Arg1:T1	Arg2:T2
23396144	NO_RELATION	Arg1:T1	Arg2:T14
23396144	NO_RELATION	Arg1:T1	Arg2:T15
17000933	INDIRECT-UPREGULATOR	Arg1:T1	Arg2:T30
17000933	NO_RELATION	Arg1:T25	Arg2:T32
17000933	NO_RELATION	Arg1:T3	Arg2:T32
17000933	NO_RELATION	Arg1:T15	Arg2:T33
17000933	NO_RELATION	Arg1:T15	Arg2:T34
23703578	ANTAGONIST	Arg1:T11	Arg2:T31
23703578	NO_RELATION	Arg1:T1	Arg2:T26
23703578	NO_RELATION	Arg1:T2	Arg2:T26
23703578	NO_RELATION	Arg1:T20	Arg2:T36
23703578	NO_RELATION	Arg1:T21	Arg2:T36
23703578	NO_RELATION	Arg1:T22	Arg2:T36
23703578	NO_RELATION	Arg1:T5	Arg2:T29
23703578	NO_RELATION	Arg1:T5	Arg2:T30
23703578	SUBSTRATE	Arg1:T6	Arg2:T29
23703578	NO_RELATION	Arg1:T6	Arg2:T30
23479738	INDIRECT-DOWNREGULATOR	Arg1:T5	Arg2:T37
3134891	NO_RELATION	Arg1:T20	Arg2:T38
3134891	DIRECT-REGULATOR	Arg1:T12	Arg2:T33
3134891	DIRECT-REGULATOR	Arg1:T13	Arg2:T34
3134891	DIRECT-REGULATOR	Arg1:T13	Arg2:T24
3134891	NO_RELATION	Arg1:T2	Arg2:T24
3134891	NO_RELATION	Arg1:T18	Arg2:T36
3134891	DIRECT-REGULATOR	Arg1:T18	Arg2:T37
3134891	DIRECT-REGULATOR	Arg1:T19	Arg2:T37
10931813	ACTIVATOR	Arg1:T7	Arg2:T21
10931813	NO_RELATION	Arg1:T14	Arg2:T24
10931813	NO_RELATION	Arg1:T4	Arg2:T16
8242725	NO_RELATION	Arg1:T7	Arg2:T15
23030680	NO_RELATION	Arg1:T2	Arg2:T16
23030680	NO_RELATION	Arg1:T2	Arg2:T17
17081103	INDIRECT-DOWNREGULATOR	Arg1:T5	Arg2:T36
17081103	NO_RELATION	Arg1:T6	Arg2:T36
22931530	INHIBITOR	Arg1:T5	Arg2:T9
23638842	NO_RELATION	Arg1:T7	Arg2:T18
23638842	NO_RELATION	Arg1:T3	Arg2:T14
22824191	ANTAGONIST	Arg1:T6	Arg2:T17
22824191	NO_RELATION	Arg1:T2	Arg2:T11
22824191	NO_RELATION	Arg1:T8	Arg2:T21
22824191	NO_RELATION	Arg1:T8	Arg2:T22
22824191	NO_RELATION	Arg1:T3	Arg2:T12
22824191	NO_RELATION	Arg1:T3	Arg2:T13
22824191	ACTIVATOR	Arg1:T3	Arg2:T14
12383039	INHIBITOR	Arg1:T2	Arg2:T8
12383039	DIRECT-REGULATOR	Arg1:T2	Arg2:T7
23274058	NO_RELATION	Arg1:T14	Arg2:T25
23274058	NO_RELATION	Arg1:T14	Arg2:T26
23274058	NO_RELATION	Arg1:T16	Arg2:T28
23274058	NO_RELATION	Arg1:T16	Arg2:T29
23274058	NO_RELATION	Arg1:T3	Arg2:T18
23274058	INHIBITOR	Arg1:T3	Arg2:T19
23274058	NO_RELATION	Arg1:T17	Arg2:T32
23274058	ACTIVATOR	Arg1:T17	Arg2:T33
23274058	NO_RELATION	Arg1:T17	Arg2:T34
23274058	NO_RELATION	Arg1:T17	Arg2:T35
23274058	NO_RELATION	Arg1:T6	Arg2:T20
23274058	NO_RELATION	Arg1:T6	Arg2:T21
23274058	NO_RELATION	Arg1:T6	Arg2:T22
23274058	NO_RELATION	Arg1:T6	Arg2:T23
23274058	NO_RELATION	Arg1:T6	Arg2:T24
11730729	NO_RELATION	Arg1:T20	Arg2:T29
11730729	NO_RELATION	Arg1:T10	Arg2:T28
11730729	NO_RELATION	Arg1:T10	Arg2:T21
11730729	NO_RELATION	Arg1:T4	Arg2:T22
11730729	NO_RELATION	Arg1:T4	Arg2:T23
11730729	NO_RELATION	Arg1:T8	Arg2:T26
11730729	NO_RELATION	Arg1:T8	Arg2:T27
11730729	AGONIST	Arg1:T9	Arg2:T27
22578098	NO_RELATION	Arg1:T2	Arg2:T10
22578098	NO_RELATION	Arg1:T2	Arg2:T11
22578098	PRODUCT-OF	Arg1:T7	Arg2:T8
22578098	INHIBITOR	Arg1:T7	Arg2:T9
22578098	NO_RELATION	Arg1:T1	Arg2:T9
11166732	NO_RELATION	Arg1:T6	Arg2:T17
11166732	INHIBITOR	Arg1:T1	Arg2:T8
11166732	NO_RELATION	Arg1:T3	Arg2:T12
23519153	NO_RELATION	Arg1:T2	Arg2:T14
23519153	NO_RELATION	Arg1:T9	Arg2:T10
23519153	NO_RELATION	Arg1:T9	Arg2:T11
23385325	NO_RELATION	Arg1:T6	Arg2:T11
17504182	ACTIVATOR	Arg1:T2	Arg2:T14
23100158	NO_RELATION	Arg1:T10	Arg2:T20
23100158	NO_RELATION	Arg1:T10	Arg2:T21
23100158	NO_RELATION	Arg1:T9	Arg2:T18
23100158	NO_RELATION	Arg1:T9	Arg2:T19
23100158	NO_RELATION	Arg1:T3	Arg2:T11
23100158	NO_RELATION	Arg1:T3	Arg2:T12
23100158	NO_RELATION	Arg1:T3	Arg2:T13
23344961	INHIBITOR	Arg1:T7	Arg2:T24
23344961	INHIBITOR	Arg1:T7	Arg2:T25
23344961	NO_RELATION	Arg1:T2	Arg2:T18
23344961	NO_RELATION	Arg1:T2	Arg2:T19
23344961	NO_RELATION	Arg1:T1	Arg2:T20
23344961	DIRECT-REGULATOR	Arg1:T1	Arg2:T27
23344961	NO_RELATION	Arg1:T3	Arg2:T20
23344961	NO_RELATION	Arg1:T3	Arg2:T27
17229632	NO_RELATION	Arg1:T15	Arg2:T43
17229632	NO_RELATION	Arg1:T3	Arg2:T21
17229632	NO_RELATION	Arg1:T7	Arg2:T24
17229632	NO_RELATION	Arg1:T16	Arg2:T44
17229632	INHIBITOR	Arg1:T16	Arg2:T45
17229632	NO_RELATION	Arg1:T14	Arg2:T37
17229632	NO_RELATION	Arg1:T14	Arg2:T38
17229632	NO_RELATION	Arg1:T14	Arg2:T39
17229632	NO_RELATION	Arg1:T14	Arg2:T40
17229632	NO_RELATION	Arg1:T12	Arg2:T33
17229632	NO_RELATION	Arg1:T12	Arg2:T34
17229632	NO_RELATION	Arg1:T12	Arg2:T35
17229632	NO_RELATION	Arg1:T12	Arg2:T36
17229632	INHIBITOR	Arg1:T2	Arg2:T17
17229632	INHIBITOR	Arg1:T2	Arg2:T18
17229632	INHIBITOR	Arg1:T2	Arg2:T19
17229632	NO_RELATION	Arg1:T2	Arg2:T20
7773533	NO_RELATION	Arg1:T23	Arg2:T32
7773533	NO_RELATION	Arg1:T2	Arg2:T25
7773533	NO_RELATION	Arg1:T3	Arg2:T25
23261645	NO_RELATION	Arg1:T12	Arg2:T19
15121646	NO_RELATION	Arg1:T13	Arg2:T31
15121646	NO_RELATION	Arg1:T19	Arg2:T24
15121646	DIRECT-REGULATOR	Arg1:T19	Arg2:T25
15121646	NO_RELATION	Arg1:T3	Arg2:T26
15121646	DIRECT-REGULATOR	Arg1:T3	Arg2:T27
15121646	NO_RELATION	Arg1:T2	Arg2:T23
15121646	NO_RELATION	Arg1:T2	Arg2:T28
15121646	NO_RELATION	Arg1:T18	Arg2:T23
15121646	NO_RELATION	Arg1:T18	Arg2:T28
23619613	NO_RELATION	Arg1:T5	Arg2:T22
23619613	NO_RELATION	Arg1:T6	Arg2:T23
23619613	NO_RELATION	Arg1:T2	Arg2:T15
23619613	INHIBITOR	Arg1:T2	Arg2:T16
23619613	NO_RELATION	Arg1:T2	Arg2:T17
11309392	INHIBITOR	Arg1:T1	Arg2:T12
23583257	NO_RELATION	Arg1:T12	Arg2:T28
23583257	NO_RELATION	Arg1:T3	Arg2:T18
23583257	NO_RELATION	Arg1:T15	Arg2:T31
23583257	NO_RELATION	Arg1:T15	Arg2:T32
17216302	NO_RELATION	Arg1:T4	Arg2:T8
23550066	NO_RELATION	Arg1:T5	Arg2:T24
23550066	NO_RELATION	Arg1:T11	Arg2:T13
23550066	NO_RELATION	Arg1:T11	Arg2:T14
23550066	NO_RELATION	Arg1:T11	Arg2:T15
23550066	PRODUCT-OF	Arg1:T1	Arg2:T31
23550066	NO_RELATION	Arg1:T1	Arg2:T35
23550066	NO_RELATION	Arg1:T8	Arg2:T31
23550066	NO_RELATION	Arg1:T8	Arg2:T35
23550066	NO_RELATION	Arg1:T9	Arg2:T26
23550066	SUBSTRATE	Arg1:T9	Arg2:T27
23550066	SUBSTRATE	Arg1:T9	Arg2:T28
23550066	NO_RELATION	Arg1:T9	Arg2:T29
23550066	NO_RELATION	Arg1:T9	Arg2:T30
23550066	NO_RELATION	Arg1:T2	Arg2:T18
23550066	ACTIVATOR	Arg1:T2	Arg2:T19
23550066	NO_RELATION	Arg1:T2	Arg2:T20
23550066	NO_RELATION	Arg1:T2	Arg2:T21
23550066	NO_RELATION	Arg1:T3	Arg2:T20
23550066	NO_RELATION	Arg1:T3	Arg2:T21
9008235	ACTIVATOR	Arg1:T8	Arg2:T20
1543672	INHIBITOR	Arg1:T18	Arg2:T25
1543672	INHIBITOR	Arg1:T15	Arg2:T23
1543672	INHIBITOR	Arg1:T1	Arg2:T20
1543672	INHIBITOR	Arg1:T7	Arg2:T20
3588607	NO_RELATION	Arg1:T31	Arg2:T52
3588607	ANTAGONIST	Arg1:T3	Arg2:T39
3588607	NO_RELATION	Arg1:T1	Arg2:T53
3588607	NO_RELATION	Arg1:T1	Arg2:T43
3588607	NO_RELATION	Arg1:T28	Arg2:T49
3588607	NO_RELATION	Arg1:T29	Arg2:T49
22469981	NO_RELATION	Arg1:T2	Arg2:T6
22469981	NO_RELATION	Arg1:T2	Arg2:T8
16784786	NO_RELATION	Arg1:T3	Arg2:T40
16432501	NO_RELATION	Arg1:T10	Arg2:T23
16432501	NO_RELATION	Arg1:T11	Arg2:T23
16432501	NO_RELATION	Arg1:T5	Arg2:T21
16432501	NO_RELATION	Arg1:T6	Arg2:T21
12727196	NO_RELATION	Arg1:T6	Arg2:T17
12727196	SUBSTRATE	Arg1:T7	Arg2:T17
23146664	NO_RELATION	Arg1:T15	Arg2:T29
23146664	NO_RELATION	Arg1:T14	Arg2:T16
23146664	NO_RELATION	Arg1:T4	Arg2:T21
23294326	NO_RELATION	Arg1:T4	Arg2:T11
23294326	NO_RELATION	Arg1:T2	Arg2:T10
23294326	NO_RELATION	Arg1:T3	Arg2:T10
23294326	NO_RELATION	Arg1:T1	Arg2:T6
23294326	NO_RELATION	Arg1:T1	Arg2:T8
15704203	AGONIST	Arg1:T17	Arg2:T22
15704203	NO_RELATION	Arg1:T14	Arg2:T21
15704203	NO_RELATION	Arg1:T1	Arg2:T20
15704203	NO_RELATION	Arg1:T9	Arg2:T20
15704203	NO_RELATION	Arg1:T10	Arg2:T18
15704203	NO_RELATION	Arg1:T10	Arg2:T19
15704203	NO_RELATION	Arg1:T12	Arg2:T19
23454145	NO_RELATION	Arg1:T18	Arg2:T36
23454145	NO_RELATION	Arg1:T37	Arg2:T38
23454145	INDIRECT-DOWNREGULATOR	Arg1:T37	Arg2:T39
23454145	NO_RELATION	Arg1:T20	Arg2:T39
23454145	NO_RELATION	Arg1:T11	Arg2:T31
23454145	NO_RELATION	Arg1:T11	Arg2:T32
23454145	NO_RELATION	Arg1:T11	Arg2:T34
23454145	NO_RELATION	Arg1:T33	Arg2:T34
23127916	NO_RELATION	Arg1:T6	Arg2:T13
23127916	NO_RELATION	Arg1:T3	Arg2:T22
23127916	NO_RELATION	Arg1:T3	Arg2:T23
10742288	NO_RELATION	Arg1:T1	Arg2:T22
15049511	NO_RELATION	Arg1:T3	Arg2:T16
15049511	NO_RELATION	Arg1:T6	Arg2:T21
15049511	INHIBITOR	Arg1:T4	Arg2:T17
15049511	INHIBITOR	Arg1:T4	Arg2:T18
15049511	INHIBITOR	Arg1:T4	Arg2:T19
15049511	NO_RELATION	Arg1:T8	Arg2:T26
15049511	NO_RELATION	Arg1:T8	Arg2:T22
15049511	NO_RELATION	Arg1:T8	Arg2:T23
15049511	NO_RELATION	Arg1:T8	Arg2:T24
23017388	INDIRECT-DOWNREGULATOR	Arg1:T4	Arg2:T12
23017388	INHIBITOR	Arg1:T8	Arg2:T16
23017388	INHIBITOR	Arg1:T8	Arg2:T17
23017388	INHIBITOR	Arg1:T7	Arg2:T14
23017388	INHIBITOR	Arg1:T7	Arg2:T15
23017388	NO_RELATION	Arg1:T10	Arg2:T18
23017388	NO_RELATION	Arg1:T10	Arg2:T19
23017388	NO_RELATION	Arg1:T11	Arg2:T18
23017388	NO_RELATION	Arg1:T11	Arg2:T19
23318833	NO_RELATION	Arg1:T8	Arg2:T26
23318833	NO_RELATION	Arg1:T14	Arg2:T17
23318833	NO_RELATION	Arg1:T1	Arg2:T17
23368735	NO_RELATION	Arg1:T11	Arg2:T18
23368735	NO_RELATION	Arg1:T15	Arg2:T21
23368735	NO_RELATION	Arg1:T16	Arg2:T21
23368735	NO_RELATION	Arg1:T17	Arg2:T21
16920841	NO_RELATION	Arg1:T3	Arg2:T25
16920841	NO_RELATION	Arg1:T4	Arg2:T25
23298863	INDIRECT-DOWNREGULATOR	Arg1:T6	Arg2:T20
23298863	NO_RELATION	Arg1:T5	Arg2:T17
23298863	NO_RELATION	Arg1:T4	Arg2:T15
23298863	INHIBITOR	Arg1:T4	Arg2:T16
23298863	INHIBITOR	Arg1:T1	Arg2:T13
23298863	INHIBITOR	Arg1:T1	Arg2:T14
23298863	INHIBITOR	Arg1:T3	Arg2:T13
23298863	INHIBITOR	Arg1:T3	Arg2:T14
20230007	NO_RELATION	Arg1:T22	Arg2:T45
20230007	NO_RELATION	Arg1:T22	Arg2:T46
20230007	NO_RELATION	Arg1:T20	Arg2:T44
20230007	DIRECT-REGULATOR	Arg1:T21	Arg2:T44
20230007	ACTIVATOR	Arg1:T19	Arg2:T33
20230007	NO_RELATION	Arg1:T19	Arg2:T34
20230007	NO_RELATION	Arg1:T19	Arg2:T35
20230007	NO_RELATION	Arg1:T1	Arg2:T23
20230007	NO_RELATION	Arg1:T2	Arg2:T23
20230007	NO_RELATION	Arg1:T3	Arg2:T23
20230007	NO_RELATION	Arg1:T4	Arg2:T23
20230007	NO_RELATION	Arg1:T5	Arg2:T23
23261590	INHIBITOR	Arg1:T14	Arg2:T41
23261590	INDIRECT-DOWNREGULATOR	Arg1:T7	Arg2:T32
23261590	NO_RELATION	Arg1:T8	Arg2:T32
23261590	NO_RELATION	Arg1:T9	Arg2:T32
17224860	NO_RELATION	Arg1:T19	Arg2:T33
23639362	NO_RELATION	Arg1:T10	Arg2:T23
23639362	NO_RELATION	Arg1:T10	Arg2:T24
23639362	NO_RELATION	Arg1:T12	Arg2:T25
23639362	NO_RELATION	Arg1:T12	Arg2:T26
23639362	NO_RELATION	Arg1:T5	Arg2:T19
23639362	INDIRECT-UPREGULATOR	Arg1:T5	Arg2:T20
23639362	NO_RELATION	Arg1:T5	Arg2:T21
23639362	NO_RELATION	Arg1:T5	Arg2:T22
23461841	NO_RELATION	Arg1:T2	Arg2:T19
23461841	NO_RELATION	Arg1:T5	Arg2:T20
23461841	NO_RELATION	Arg1:T6	Arg2:T20
23314054	INHIBITOR	Arg1:T4	Arg2:T9
23314054	DIRECT-REGULATOR	Arg1:T2	Arg2:T8
23024204	SUBSTRATE	Arg1:T15	Arg2:T34
23024204	NO_RELATION	Arg1:T16	Arg2:T36
23024204	SUBSTRATE	Arg1:T20	Arg2:T39
23024204	SUBSTRATE	Arg1:T20	Arg2:T27
23024204	NO_RELATION	Arg1:T2	Arg2:T28
23024204	NO_RELATION	Arg1:T3	Arg2:T28
17015640	NO_RELATION	Arg1:T11	Arg2:T28
17015640	NO_RELATION	Arg1:T5	Arg2:T25
17015640	INHIBITOR	Arg1:T17	Arg2:T33
17015640	INHIBITOR	Arg1:T17	Arg2:T34
17015640	INDIRECT-DOWNREGULATOR	Arg1:T3	Arg2:T23
17015640	NO_RELATION	Arg1:T3	Arg2:T24
17015640	INHIBITOR	Arg1:T2	Arg2:T21
17015640	INDIRECT-DOWNREGULATOR	Arg1:T2	Arg2:T22
17015640	INDIRECT-UPREGULATOR	Arg1:T16	Arg2:T18
17015640	INDIRECT-UPREGULATOR	Arg1:T16	Arg2:T19
17015640	NO_RELATION	Arg1:T16	Arg2:T20
11732752	NO_RELATION	Arg1:T1	Arg2:T16
12761285	NO_RELATION	Arg1:T2	Arg2:T16
12761285	NO_RELATION	Arg1:T8	Arg2:T16
2855368	NO_RELATION	Arg1:T16	Arg2:T18
2855368	NO_RELATION	Arg1:T3	Arg2:T17
2855368	NO_RELATION	Arg1:T7	Arg2:T17
23444334	ACTIVATOR	Arg1:T4	Arg2:T14
11034389	NO_RELATION	Arg1:T19	Arg2:T21
11034389	NO_RELATION	Arg1:T19	Arg2:T22
11034389	NO_RELATION	Arg1:T1	Arg2:T15
11034389	NO_RELATION	Arg1:T2	Arg2:T15
11034389	NO_RELATION	Arg1:T28	Arg2:T30
11034389	NO_RELATION	Arg1:T28	Arg2:T31
11034389	NO_RELATION	Arg1:T13	Arg2:T31
23643745	NO_RELATION	Arg1:T10	Arg2:T51
23643745	NO_RELATION	Arg1:T1	Arg2:T28
23643745	NO_RELATION	Arg1:T1	Arg2:T35
23643745	INDIRECT-DOWNREGULATOR	Arg1:T2	Arg2:T25
23643745	INDIRECT-DOWNREGULATOR	Arg1:T2	Arg2:T26
23410005	INHIBITOR	Arg1:T4	Arg2:T14
23410005	INHIBITOR	Arg1:T3	Arg2:T12
23410005	NO_RELATION	Arg1:T1	Arg2:T7
23410005	NO_RELATION	Arg1:T1	Arg2:T8
23587425	NO_RELATION	Arg1:T3	Arg2:T8
23587425	INHIBITOR	Arg1:T4	Arg2:T8
23282066	NO_RELATION	Arg1:T1	Arg2:T14
23333261	INDIRECT-DOWNREGULATOR	Arg1:T1	Arg2:T6
23333261	INDIRECT-DOWNREGULATOR	Arg1:T1	Arg2:T7
23230131	SUBSTRATE	Arg1:T23	Arg2:T47
23230131	SUBSTRATE	Arg1:T23	Arg2:T46
11089538	NO_RELATION	Arg1:T1	Arg2:T21
11089538	NO_RELATION	Arg1:T2	Arg2:T11
11089538	NO_RELATION	Arg1:T3	Arg2:T11
18620538	NO_RELATION	Arg1:T5	Arg2:T12
23539296	NO_RELATION	Arg1:T3	Arg2:T26
23539296	ACTIVATOR	Arg1:T2	Arg2:T22
23539296	ACTIVATOR	Arg1:T2	Arg2:T23
23539296	NO_RELATION	Arg1:T4	Arg2:T28
23539296	NO_RELATION	Arg1:T4	Arg2:T29
23539296	NO_RELATION	Arg1:T4	Arg2:T30
23539296	NO_RELATION	Arg1:T4	Arg2:T31
12837768	NO_RELATION	Arg1:T9	Arg2:T24
10701840	NO_RELATION	Arg1:T8	Arg2:T31
10701840	NO_RELATION	Arg1:T4	Arg2:T19
10701840	NO_RELATION	Arg1:T4	Arg2:T20
10701840	NO_RELATION	Arg1:T6	Arg2:T27
10701840	ACTIVATOR	Arg1:T6	Arg2:T28
10701840	NO_RELATION	Arg1:T7	Arg2:T9
10701840	NO_RELATION	Arg1:T7	Arg2:T10
10701840	NO_RELATION	Arg1:T1	Arg2:T12
10701840	NO_RELATION	Arg1:T1	Arg2:T13
10701840	NO_RELATION	Arg1:T5	Arg2:T22
10701840	NO_RELATION	Arg1:T5	Arg2:T23
10701840	NO_RELATION	Arg1:T5	Arg2:T24
10701840	NO_RELATION	Arg1:T5	Arg2:T25
11585753	INHIBITOR	Arg1:T2	Arg2:T14
11585753	INHIBITOR	Arg1:T3	Arg2:T14
11585753	NO_RELATION	Arg1:T8	Arg2:T26
11585753	NO_RELATION	Arg1:T8	Arg2:T24
11585753	NO_RELATION	Arg1:T9	Arg2:T26
11585753	NO_RELATION	Arg1:T9	Arg2:T24
23044488	NO_RELATION	Arg1:T3	Arg2:T14
12165285	INDIRECT-UPREGULATOR	Arg1:T5	Arg2:T23
12165285	NO_RELATION	Arg1:T1	Arg2:T11
12165285	INDIRECT-DOWNREGULATOR	Arg1:T2	Arg2:T17
12165285	NO_RELATION	Arg1:T3	Arg2:T17
12165285	NO_RELATION	Arg1:T4	Arg2:T17
10771044	ANTAGONIST	Arg1:T5	Arg2:T22
10771044	NO_RELATION	Arg1:T7	Arg2:T23
10771044	NO_RELATION	Arg1:T3	Arg2:T23
10771044	NO_RELATION	Arg1:T6	Arg2:T23
10771044	NO_RELATION	Arg1:T10	Arg2:T24
10771044	NO_RELATION	Arg1:T10	Arg2:T25
10771044	NO_RELATION	Arg1:T11	Arg2:T24
10771044	NO_RELATION	Arg1:T11	Arg2:T25
10771044	AGONIST	Arg1:T12	Arg2:T25
23578390	NO_RELATION	Arg1:T10	Arg2:T20
23578390	NO_RELATION	Arg1:T2	Arg2:T11
23578390	ACTIVATOR	Arg1:T6	Arg2:T12
23578390	NO_RELATION	Arg1:T6	Arg2:T13
23578390	NO_RELATION	Arg1:T6	Arg2:T14
10406837	NO_RELATION	Arg1:T4	Arg2:T16
10406837	INHIBITOR	Arg1:T6	Arg2:T17
10406837	NO_RELATION	Arg1:T10	Arg2:T20
10406837	NO_RELATION	Arg1:T19	Arg2:T20
10406837	NO_RELATION	Arg1:T7	Arg2:T18
10406837	NO_RELATION	Arg1:T8	Arg2:T18
23164921	INHIBITOR	Arg1:T11	Arg2:T20
23164921	NO_RELATION	Arg1:T7	Arg2:T15
23164921	NO_RELATION	Arg1:T1	Arg2:T13
23164921	NO_RELATION	Arg1:T5	Arg2:T14
23164921	NO_RELATION	Arg1:T6	Arg2:T14
23164921	NO_RELATION	Arg1:T9	Arg2:T16
23164921	NO_RELATION	Arg1:T9	Arg2:T17
23164921	NO_RELATION	Arg1:T10	Arg2:T19
23164921	NO_RELATION	Arg1:T10	Arg2:T12
10727528	NO_RELATION	Arg1:T12	Arg2:T33
10727528	NO_RELATION	Arg1:T17	Arg2:T37
10727528	INHIBITOR	Arg1:T18	Arg2:T37
10727528	NO_RELATION	Arg1:T6	Arg2:T25
10727528	NO_RELATION	Arg1:T6	Arg2:T26
10727528	NO_RELATION	Arg1:T8	Arg2:T28
10727528	NO_RELATION	Arg1:T9	Arg2:T28
10727528	ANTAGONIST	Arg1:T3	Arg2:T21
10727528	NO_RELATION	Arg1:T3	Arg2:T22
10727528	NO_RELATION	Arg1:T4	Arg2:T23
10727528	NO_RELATION	Arg1:T4	Arg2:T24
10727528	NO_RELATION	Arg1:T5	Arg2:T23
10727528	NO_RELATION	Arg1:T5	Arg2:T24
10727528	NO_RELATION	Arg1:T13	Arg2:T35
10727528	NO_RELATION	Arg1:T13	Arg2:T36
10727528	NO_RELATION	Arg1:T14	Arg2:T35
10727528	NO_RELATION	Arg1:T14	Arg2:T36
10727528	NO_RELATION	Arg1:T10	Arg2:T30
10727528	NO_RELATION	Arg1:T10	Arg2:T31
10727528	NO_RELATION	Arg1:T11	Arg2:T30
10727528	NO_RELATION	Arg1:T11	Arg2:T31
23221006	NO_RELATION	Arg1:T17	Arg2:T29
23221006	NO_RELATION	Arg1:T4	Arg2:T20
23221006	SUBSTRATE	Arg1:T5	Arg2:T21
23221006	NO_RELATION	Arg1:T5	Arg2:T22
23221006	NO_RELATION	Arg1:T6	Arg2:T24
23221006	NO_RELATION	Arg1:T7	Arg2:T24
23221006	NO_RELATION	Arg1:T8	Arg2:T24
23221006	NO_RELATION	Arg1:T11	Arg2:T25
23221006	SUBSTRATE	Arg1:T11	Arg2:T26
23221006	NO_RELATION	Arg1:T12	Arg2:T25
23221006	SUBSTRATE	Arg1:T12	Arg2:T26
23221006	INHIBITOR	Arg1:T15	Arg2:T18
23221006	NO_RELATION	Arg1:T15	Arg2:T19
23221006	NO_RELATION	Arg1:T2	Arg2:T18
23221006	NO_RELATION	Arg1:T2	Arg2:T19
23221006	NO_RELATION	Arg1:T3	Arg2:T19
16741658	NO_RELATION	Arg1:T3	Arg2:T12
16741658	NO_RELATION	Arg1:T4	Arg2:T14
16741658	NO_RELATION	Arg1:T4	Arg2:T15
23212306	NO_RELATION	Arg1:T9	Arg2:T22
23212306	NO_RELATION	Arg1:T3	Arg2:T19
23212306	NO_RELATION	Arg1:T7	Arg2:T21
23060524	NO_RELATION	Arg1:T5	Arg2:T15
23060524	NO_RELATION	Arg1:T5	Arg2:T16
23060524	NO_RELATION	Arg1:T3	Arg2:T10
23060524	NO_RELATION	Arg1:T4	Arg2:T10
12217700	NO_RELATION	Arg1:T22	Arg2:T37
12217700	NO_RELATION	Arg1:T16	Arg2:T35
12217700	NO_RELATION	Arg1:T17	Arg2:T35
12217700	NO_RELATION	Arg1:T3	Arg2:T25
12217700	NO_RELATION	Arg1:T4	Arg2:T25
16642960	NO_RELATION	Arg1:T3	Arg2:T10
16642960	NO_RELATION	Arg1:T4	Arg2:T10
23618901	NO_RELATION	Arg1:T1	Arg2:T13
23159529	NO_RELATION	Arg1:T13	Arg2:T28
23159529	NO_RELATION	Arg1:T8	Arg2:T22
23159529	NO_RELATION	Arg1:T6	Arg2:T20
23159529	NO_RELATION	Arg1:T7	Arg2:T20
23159529	NO_RELATION	Arg1:T10	Arg2:T23
23159529	NO_RELATION	Arg1:T11	Arg2:T23
9310349	INHIBITOR	Arg1:T23	Arg2:T42
9310349	INHIBITOR	Arg1:T11	Arg2:T32
9310349	NO_RELATION	Arg1:T13	Arg2:T34
9310349	NO_RELATION	Arg1:T21	Arg2:T41
23318685	NO_RELATION	Arg1:T1	Arg2:T10
23318685	NO_RELATION	Arg1:T2	Arg2:T10
23625804	NO_RELATION	Arg1:T3	Arg2:T16
23625804	NO_RELATION	Arg1:T6	Arg2:T29
23625804	NO_RELATION	Arg1:T2	Arg2:T14
23625804	NO_RELATION	Arg1:T2	Arg2:T15
23625804	NO_RELATION	Arg1:T4	Arg2:T23
23625804	NO_RELATION	Arg1:T5	Arg2:T24
23625804	NO_RELATION	Arg1:T8	Arg2:T33
23625804	NO_RELATION	Arg1:T8	Arg2:T31
23625804	NO_RELATION	Arg1:T7	Arg2:T31
15805193	SUBSTRATE	Arg1:T6	Arg2:T16
15805193	NO_RELATION	Arg1:T6	Arg2:T17
23098818	NO_RELATION	Arg1:T3	Arg2:T22
23098818	NO_RELATION	Arg1:T4	Arg2:T22
23098818	PRODUCT-OF	Arg1:T5	Arg2:T24
23098818	NO_RELATION	Arg1:T6	Arg2:T24
15723099	ACTIVATOR	Arg1:T34	Arg2:T42
15723099	ACTIVATOR	Arg1:T33	Arg2:T42
17154506	DIRECT-REGULATOR	Arg1:T14	Arg2:T25
17154506	NO_RELATION	Arg1:T7	Arg2:T23
17154506	NO_RELATION	Arg1:T9	Arg2:T23
22445601	NO_RELATION	Arg1:T12	Arg2:T29
22445601	ANTAGONIST	Arg1:T12	Arg2:T30
22445601	NO_RELATION	Arg1:T8	Arg2:T23
22445601	NO_RELATION	Arg1:T8	Arg2:T24
22445601	NO_RELATION	Arg1:T10	Arg2:T25
22445601	NO_RELATION	Arg1:T10	Arg2:T26
22445601	NO_RELATION	Arg1:T6	Arg2:T19
22445601	NO_RELATION	Arg1:T6	Arg2:T20
22445601	NO_RELATION	Arg1:T6	Arg2:T21
23602864	NO_RELATION	Arg1:T1	Arg2:T19
1680855	INDIRECT-DOWNREGULATOR	Arg1:T1	Arg2:T45
1680855	NO_RELATION	Arg1:T2	Arg2:T35
1680855	NO_RELATION	Arg1:T14	Arg2:T46
1680855	INDIRECT-DOWNREGULATOR	Arg1:T47	Arg2:T48
1680855	NO_RELATION	Arg1:T25	Arg2:T54
1680855	NO_RELATION	Arg1:T24	Arg2:T54
1680855	NO_RELATION	Arg1:T6	Arg2:T44
1680855	NO_RELATION	Arg1:T8	Arg2:T44
1680855	NO_RELATION	Arg1:T9	Arg2:T44
1680855	NO_RELATION	Arg1:T10	Arg2:T44
23497227	INHIBITOR	Arg1:T5	Arg2:T12
23497227	NO_RELATION	Arg1:T2	Arg2:T11
23497227	NO_RELATION	Arg1:T2	Arg2:T6
9876137	NO_RELATION	Arg1:T8	Arg2:T23
9876137	NO_RELATION	Arg1:T1	Arg2:T10
9876137	NO_RELATION	Arg1:T1	Arg2:T15
9876137	NO_RELATION	Arg1:T5	Arg2:T13
9876137	NO_RELATION	Arg1:T5	Arg2:T14
9876137	NO_RELATION	Arg1:T5	Arg2:T16
22893351	NO_RELATION	Arg1:T7	Arg2:T16
22893351	NO_RELATION	Arg1:T7	Arg2:T17
22893351	NO_RELATION	Arg1:T1	Arg2:T11
22893351	NO_RELATION	Arg1:T1	Arg2:T13
22893351	NO_RELATION	Arg1:T3	Arg2:T14
22893351	NO_RELATION	Arg1:T3	Arg2:T15
22893351	NO_RELATION	Arg1:T6	Arg2:T15
17658513	NO_RELATION	Arg1:T8	Arg2:T21
17658513	NO_RELATION	Arg1:T9	Arg2:T24
17658513	NO_RELATION	Arg1:T10	Arg2:T24
7926307	NO_RELATION	Arg1:T9	Arg2:T21
7926307	NO_RELATION	Arg1:T2	Arg2:T16
20135071	NO_RELATION	Arg1:T10	Arg2:T23
23541670	INHIBITOR	Arg1:T3	Arg2:T10
23541670	INHIBITOR	Arg1:T3	Arg2:T11
23541670	INHIBITOR	Arg1:T2	Arg2:T8
23541670	INHIBITOR	Arg1:T2	Arg2:T9
20448797	NO_RELATION	Arg1:T6	Arg2:T21
23066089	ACTIVATOR	Arg1:T16	Arg2:T43
23066089	DIRECT-REGULATOR	Arg1:T8	Arg2:T31
23066089	NO_RELATION	Arg1:T8	Arg2:T32
23066089	NO_RELATION	Arg1:T12	Arg2:T32
12063741	NO_RELATION	Arg1:T1	Arg2:T11
12063741	NO_RELATION	Arg1:T2	Arg2:T11
23221600	NO_RELATION	Arg1:T9	Arg2:T34
23221600	NO_RELATION	Arg1:T5	Arg2:T23
23221600	NO_RELATION	Arg1:T5	Arg2:T24
23221600	NO_RELATION	Arg1:T3	Arg2:T19
23221600	NO_RELATION	Arg1:T3	Arg2:T20
23221600	NO_RELATION	Arg1:T3	Arg2:T21
10095983	INHIBITOR	Arg1:T7	Arg2:T10
10095983	NO_RELATION	Arg1:T1	Arg2:T8
10095983	NO_RELATION	Arg1:T5	Arg2:T9
10095983	NO_RELATION	Arg1:T6	Arg2:T9
23267767	NO_RELATION	Arg1:T5	Arg2:T14
23267767	ACTIVATOR	Arg1:T1	Arg2:T6
23267767	NO_RELATION	Arg1:T1	Arg2:T7
23267767	NO_RELATION	Arg1:T1	Arg2:T8
8894610	AGONIST	Arg1:T26	Arg2:T35
8894610	NO_RELATION	Arg1:T18	Arg2:T33
2888789	ANTAGONIST	Arg1:T7	Arg2:T14
2888789	ANTAGONIST	Arg1:T3	Arg2:T10
23321689	ACTIVATOR	Arg1:T6	Arg2:T20
23321689	NO_RELATION	Arg1:T1	Arg2:T15
21606412	INHIBITOR	Arg1:T7	Arg2:T21
21606412	INHIBITOR	Arg1:T8	Arg2:T21
15795105	NO_RELATION	Arg1:T9	Arg2:T25
15795105	NO_RELATION	Arg1:T10	Arg2:T25
15795105	NO_RELATION	Arg1:T5	Arg2:T22
15795105	NO_RELATION	Arg1:T6	Arg2:T22
15795105	NO_RELATION	Arg1:T7	Arg2:T23
15795105	NO_RELATION	Arg1:T8	Arg2:T23
15795105	INHIBITOR	Arg1:T1	Arg2:T20
15795105	INHIBITOR	Arg1:T2	Arg2:T20
15795105	INHIBITOR	Arg1:T3	Arg2:T20
15795105	INHIBITOR	Arg1:T4	Arg2:T20
2530096	NO_RELATION	Arg1:T15	Arg2:T23
2530096	NO_RELATION	Arg1:T16	Arg2:T23
17692748	INHIBITOR	Arg1:T2	Arg2:T14
17692748	INHIBITOR	Arg1:T3	Arg2:T14
15526004	NO_RELATION	Arg1:T1	Arg2:T3
14638499	PART-OF	Arg1:T10	Arg2:T26
14638499	PART-OF	Arg1:T1	Arg2:T16
14638499	NO_RELATION	Arg1:T8	Arg2:T25
14638499	PART-OF	Arg1:T9	Arg2:T25
14638499	NO_RELATION	Arg1:T3	Arg2:T18
14638499	NO_RELATION	Arg1:T3	Arg2:T19
14638499	NO_RELATION	Arg1:T3	Arg2:T20
14638499	NO_RELATION	Arg1:T12	Arg2:T27
14638499	NO_RELATION	Arg1:T12	Arg2:T28
14638499	NO_RELATION	Arg1:T12	Arg2:T29
14638499	NO_RELATION	Arg1:T12	Arg2:T15
14638499	NO_RELATION	Arg1:T13	Arg2:T15
15075397	NO_RELATION	Arg1:T5	Arg2:T16
23628605	NO_RELATION	Arg1:T1	Arg2:T22
23628605	NO_RELATION	Arg1:T4	Arg2:T24
23628605	NO_RELATION	Arg1:T4	Arg2:T25
23628605	NO_RELATION	Arg1:T11	Arg2:T30
23628605	NO_RELATION	Arg1:T11	Arg2:T31
23584358	AGONIST	Arg1:T27	Arg2:T36
23584358	NO_RELATION	Arg1:T5	Arg2:T38
17498496	NO_RELATION	Arg1:T4	Arg2:T43
17498496	NO_RELATION	Arg1:T4	Arg2:T42
23411171	NO_RELATION	Arg1:T1	Arg2:T6
10640321	ANTAGONIST	Arg1:T17	Arg2:T30
10640321	ANTAGONIST	Arg1:T19	Arg2:T31
10640321	NO_RELATION	Arg1:T13	Arg2:T28
10640321	NO_RELATION	Arg1:T14	Arg2:T28
10640321	NO_RELATION	Arg1:T7	Arg2:T24
10640321	NO_RELATION	Arg1:T7	Arg2:T25
10640321	NO_RELATION	Arg1:T8	Arg2:T25
10640321	NO_RELATION	Arg1:T9	Arg2:T25
20724158	NO_RELATION	Arg1:T7	Arg2:T12
20724158	NO_RELATION	Arg1:T7	Arg2:T13
20724158	NO_RELATION	Arg1:T3	Arg2:T10
20724158	NO_RELATION	Arg1:T3	Arg2:T11
7825862	NO_RELATION	Arg1:T5	Arg2:T15
7825862	NO_RELATION	Arg1:T6	Arg2:T15
7825862	INHIBITOR	Arg1:T7	Arg2:T16
7825862	NO_RELATION	Arg1:T7	Arg2:T17
7825862	NO_RELATION	Arg1:T8	Arg2:T17
20347047	NO_RELATION	Arg1:T1	Arg2:T21
9231703	NO_RELATION	Arg1:T1	Arg2:T6
9231703	NO_RELATION	Arg1:T2	Arg2:T11
17256745	NO_RELATION	Arg1:T10	Arg2:T31
17094978	NO_RELATION	Arg1:T13	Arg2:T39
12046981	ANTAGONIST	Arg1:T13	Arg2:T21
12046981	NO_RELATION	Arg1:T1	Arg2:T20
12046981	NO_RELATION	Arg1:T10	Arg2:T20
12046981	NO_RELATION	Arg1:T12	Arg2:T20
10999950	NO_RELATION	Arg1:T10	Arg2:T33
10999950	INHIBITOR	Arg1:T5	Arg2:T19
10999950	NO_RELATION	Arg1:T8	Arg2:T27
10999950	NO_RELATION	Arg1:T15	Arg2:T45
10999950	NO_RELATION	Arg1:T15	Arg2:T46
10999950	NO_RELATION	Arg1:T15	Arg2:T47
23600914	NO_RELATION	Arg1:T13	Arg2:T37
23600914	SUBSTRATE	Arg1:T9	Arg2:T21
23600914	NO_RELATION	Arg1:T5	Arg2:T22
23600914	NO_RELATION	Arg1:T2	Arg2:T19
23600914	PRODUCT-OF	Arg1:T3	Arg2:T20
23600914	PRODUCT-OF	Arg1:T4	Arg2:T20
23600914	NO_RELATION	Arg1:T12	Arg2:T14
23600914	SUBSTRATE	Arg1:T12	Arg2:T15
23600914	NO_RELATION	Arg1:T11	Arg2:T30
23600914	NO_RELATION	Arg1:T11	Arg2:T31
23600914	NO_RELATION	Arg1:T11	Arg2:T32
23583806	NO_RELATION	Arg1:T8	Arg2:T19
23583806	NO_RELATION	Arg1:T4	Arg2:T16
23583806	NO_RELATION	Arg1:T1	Arg2:T10
23583806	ACTIVATOR	Arg1:T1	Arg2:T11
23583806	NO_RELATION	Arg1:T6	Arg2:T17
23583806	NO_RELATION	Arg1:T6	Arg2:T18
23583806	NO_RELATION	Arg1:T7	Arg2:T18
23099431	DIRECT-REGULATOR	Arg1:T1	Arg2:T10
10702256	NO_RELATION	Arg1:T2	Arg2:T11
10702256	NO_RELATION	Arg1:T3	Arg2:T11
10702256	NO_RELATION	Arg1:T7	Arg2:T22
10702256	NO_RELATION	Arg1:T7	Arg2:T8
19429089	NO_RELATION	Arg1:T24	Arg2:T32
19429089	NO_RELATION	Arg1:T6	Arg2:T27
19429089	NO_RELATION	Arg1:T19	Arg2:T30
19429089	INHIBITOR	Arg1:T23	Arg2:T31
23290724	NO_RELATION	Arg1:T9	Arg2:T15
23454148	NO_RELATION	Arg1:T5	Arg2:T25
23454148	NO_RELATION	Arg1:T19	Arg2:T33
23454148	NO_RELATION	Arg1:T19	Arg2:T34
8925876	NO_RELATION	Arg1:T14	Arg2:T22
8925876	NO_RELATION	Arg1:T13	Arg2:T21
8925876	NO_RELATION	Arg1:T9	Arg2:T18
8925876	NO_RELATION	Arg1:T10	Arg2:T18
8925876	NO_RELATION	Arg1:T3	Arg2:T19
8925876	NO_RELATION	Arg1:T3	Arg2:T15
8925876	NO_RELATION	Arg1:T3	Arg2:T16
23312278	NO_RELATION	Arg1:T1	Arg2:T4
23601710	INHIBITOR	Arg1:T6	Arg2:T11
17594192	INDIRECT-DOWNREGULATOR	Arg1:T10	Arg2:T26
17594192	NO_RELATION	Arg1:T9	Arg2:T24
17594192	NO_RELATION	Arg1:T9	Arg2:T25
17594192	INDIRECT-DOWNREGULATOR	Arg1:T13	Arg2:T28
17594192	INDIRECT-DOWNREGULATOR	Arg1:T13	Arg2:T29
17594192	INHIBITOR	Arg1:T1	Arg2:T27
17594192	INHIBITOR	Arg1:T1	Arg2:T16
17594192	INHIBITOR	Arg1:T7	Arg2:T27
17594192	INHIBITOR	Arg1:T7	Arg2:T16
17594192	NO_RELATION	Arg1:T8	Arg2:T20
17594192	NO_RELATION	Arg1:T8	Arg2:T21
17594192	NO_RELATION	Arg1:T8	Arg2:T22
17594192	NO_RELATION	Arg1:T8	Arg2:T23
17594192	INHIBITOR	Arg1:T14	Arg2:T17
17594192	INHIBITOR	Arg1:T14	Arg2:T18
17594192	INHIBITOR	Arg1:T2	Arg2:T17
17594192	INHIBITOR	Arg1:T2	Arg2:T18
17594192	INHIBITOR	Arg1:T3	Arg2:T18
17594192	INHIBITOR	Arg1:T4	Arg2:T18
16434489	NO_RELATION	Arg1:T2	Arg2:T20
16434489	NO_RELATION	Arg1:T5	Arg2:T21
16434489	INHIBITOR	Arg1:T11	Arg2:T30
16434489	NO_RELATION	Arg1:T11	Arg2:T34
1322047	NO_RELATION	Arg1:T12	Arg2:T17
1322047	NO_RELATION	Arg1:T6	Arg2:T14
9851542	NO_RELATION	Arg1:T23	Arg2:T37
9851542	NO_RELATION	Arg1:T17	Arg2:T35
15795320	NO_RELATION	Arg1:T18	Arg2:T42
15795320	NO_RELATION	Arg1:T4	Arg2:T26
15795320	NO_RELATION	Arg1:T4	Arg2:T27
15795320	NO_RELATION	Arg1:T4	Arg2:T28
15795320	NO_RELATION	Arg1:T2	Arg2:T21
15795320	NO_RELATION	Arg1:T2	Arg2:T22
15795320	NO_RELATION	Arg1:T2	Arg2:T23
15795320	NO_RELATION	Arg1:T2	Arg2:T24
16917142	NO_RELATION	Arg1:T9	Arg2:T28
16917142	NO_RELATION	Arg1:T6	Arg2:T25
16917142	ANTAGONIST	Arg1:T4	Arg2:T23
16917142	ANTAGONIST	Arg1:T4	Arg2:T24
16917142	DIRECT-REGULATOR	Arg1:T11	Arg2:T30
16917142	AGONIST	Arg1:T11	Arg2:T31
16917142	DIRECT-REGULATOR	Arg1:T12	Arg2:T30
16917142	AGONIST	Arg1:T12	Arg2:T31
17159811	NO_RELATION	Arg1:T13	Arg2:T23
17159811	NO_RELATION	Arg1:T13	Arg2:T24
17159811	NO_RELATION	Arg1:T4	Arg2:T19
17159811	NO_RELATION	Arg1:T6	Arg2:T19
17159811	NO_RELATION	Arg1:T5	Arg2:T8
17159811	NO_RELATION	Arg1:T7	Arg2:T8
17159811	NO_RELATION	Arg1:T10	Arg2:T21
17159811	DIRECT-REGULATOR	Arg1:T10	Arg2:T22
10942908	NO_RELATION	Arg1:T7	Arg2:T18
19293728	NO_RELATION	Arg1:T9	Arg2:T33
19293728	AGONIST	Arg1:T2	Arg2:T11
19293728	INDIRECT-DOWNREGULATOR	Arg1:T5	Arg2:T15
19293728	ANTAGONIST	Arg1:T7	Arg2:T23
19293728	ANTAGONIST	Arg1:T7	Arg2:T24
19293728	INHIBITOR	Arg1:T7	Arg2:T25
19293728	NO_RELATION	Arg1:T3	Arg2:T13
19293728	NO_RELATION	Arg1:T3	Arg2:T14
19293728	ANTAGONIST	Arg1:T4	Arg2:T14
19293728	NO_RELATION	Arg1:T6	Arg2:T18
19293728	NO_RELATION	Arg1:T6	Arg2:T19
19293728	NO_RELATION	Arg1:T6	Arg2:T20
11551210	NO_RELATION	Arg1:T21	Arg2:T29
11551210	DIRECT-REGULATOR	Arg1:T22	Arg2:T29
11551210	INHIBITOR	Arg1:T1	Arg2:T24
11551210	INHIBITOR	Arg1:T1	Arg2:T25
11551210	INHIBITOR	Arg1:T1	Arg2:T27
11551210	NO_RELATION	Arg1:T9	Arg2:T27
11551210	NO_RELATION	Arg1:T10	Arg2:T28
11551210	NO_RELATION	Arg1:T12	Arg2:T28
11551210	NO_RELATION	Arg1:T13	Arg2:T28
11551210	DIRECT-REGULATOR	Arg1:T14	Arg2:T28
11551210	DIRECT-REGULATOR	Arg1:T15	Arg2:T28
6227474	NO_RELATION	Arg1:T17	Arg2:T32
6227474	DIRECT-REGULATOR	Arg1:T5	Arg2:T25
15177307	NO_RELATION	Arg1:T11	Arg2:T14
9990013	NO_RELATION	Arg1:T1	Arg2:T33
9990013	NO_RELATION	Arg1:T28	Arg2:T56
9990013	NO_RELATION	Arg1:T29	Arg2:T56
9990013	NO_RELATION	Arg1:T12	Arg2:T39
9990013	NO_RELATION	Arg1:T13	Arg2:T39
9990013	NO_RELATION	Arg1:T27	Arg2:T32
9990013	NO_RELATION	Arg1:T2	Arg2:T32
9990013	NO_RELATION	Arg1:T14	Arg2:T43
9990013	NO_RELATION	Arg1:T14	Arg2:T44
9990013	NO_RELATION	Arg1:T14	Arg2:T45
9990013	DIRECT-REGULATOR	Arg1:T14	Arg2:T46
9990013	NO_RELATION	Arg1:T23	Arg2:T52
9990013	NO_RELATION	Arg1:T23	Arg2:T53
9990013	NO_RELATION	Arg1:T23	Arg2:T54
9990013	NO_RELATION	Arg1:T24	Arg2:T53
9990013	NO_RELATION	Arg1:T24	Arg2:T54
9990013	NO_RELATION	Arg1:T25	Arg2:T54
9990013	DIRECT-REGULATOR	Arg1:T5	Arg2:T34
9990013	DIRECT-REGULATOR	Arg1:T5	Arg2:T35
9990013	NO_RELATION	Arg1:T5	Arg2:T36
9990013	NO_RELATION	Arg1:T6	Arg2:T36
9990013	NO_RELATION	Arg1:T7	Arg2:T36
9990013	NO_RELATION	Arg1:T8	Arg2:T36
9990013	DIRECT-REGULATOR	Arg1:T9	Arg2:T36
18068977	INHIBITOR	Arg1:T1	Arg2:T11
18068977	NO_RELATION	Arg1:T1	Arg2:T12
1738111	NO_RELATION	Arg1:T12	Arg2:T61
1738111	NO_RELATION	Arg1:T17	Arg2:T61
10727715	NO_RELATION	Arg1:T16	Arg2:T36
19472276	NO_RELATION	Arg1:T4	Arg2:T11
12414329	NO_RELATION	Arg1:T10	Arg2:T23
12414329	NO_RELATION	Arg1:T2	Arg2:T15
12414329	NO_RELATION	Arg1:T8	Arg2:T22
12414329	NO_RELATION	Arg1:T9	Arg2:T22
12414329	AGONIST	Arg1:T11	Arg2:T25
12414329	AGONIST	Arg1:T11	Arg2:T26
12414329	AGONIST	Arg1:T11	Arg2:T12
9712175	ANTAGONIST	Arg1:T8	Arg2:T20
9712175	NO_RELATION	Arg1:T1	Arg2:T9
9712175	INDIRECT-UPREGULATOR	Arg1:T1	Arg2:T10
12827214	AGONIST	Arg1:T25	Arg2:T42
12827214	PRODUCT-OF	Arg1:T32	Arg2:T42
14501155	NO_RELATION	Arg1:T17	Arg2:T29
14501155	NO_RELATION	Arg1:T13	Arg2:T27
14501155	NO_RELATION	Arg1:T14	Arg2:T27
23429911	NO_RELATION	Arg1:T1	Arg2:T9
23429911	NO_RELATION	Arg1:T2	Arg2:T9
23429911	NO_RELATION	Arg1:T5	Arg2:T28
23429911	NO_RELATION	Arg1:T5	Arg2:T29
23429911	NO_RELATION	Arg1:T5	Arg2:T30
23429911	NO_RELATION	Arg1:T5	Arg2:T31
23435942	NO_RELATION	Arg1:T11	Arg2:T24
17768678	INHIBITOR	Arg1:T34	Arg2:T44
17768678	SUBSTRATE	Arg1:T16	Arg2:T38
17768678	NO_RELATION	Arg1:T30	Arg2:T42
23435910	NO_RELATION	Arg1:T2	Arg2:T20
23435910	NO_RELATION	Arg1:T3	Arg2:T20
23435910	NO_RELATION	Arg1:T14	Arg2:T23
23435910	NO_RELATION	Arg1:T14	Arg2:T24
23435910	NO_RELATION	Arg1:T15	Arg2:T23
23435910	NO_RELATION	Arg1:T15	Arg2:T24
17199504	NO_RELATION	Arg1:T4	Arg2:T13
14751502	NO_RELATION	Arg1:T8	Arg2:T36
14751502	NO_RELATION	Arg1:T11	Arg2:T43
14751502	NO_RELATION	Arg1:T11	Arg2:T44
14751502	NO_RELATION	Arg1:T7	Arg2:T30
14751502	NO_RELATION	Arg1:T7	Arg2:T31
14751502	INHIBITOR	Arg1:T9	Arg2:T38
14751502	INHIBITOR	Arg1:T9	Arg2:T39
14751502	NO_RELATION	Arg1:T1	Arg2:T12
14751502	NO_RELATION	Arg1:T1	Arg2:T13
14751502	INHIBITOR	Arg1:T5	Arg2:T20
14751502	INDIRECT-DOWNREGULATOR	Arg1:T5	Arg2:T21
14751502	NO_RELATION	Arg1:T6	Arg2:T22
14751502	NO_RELATION	Arg1:T6	Arg2:T23
14751502	NO_RELATION	Arg1:T4	Arg2:T14
14751502	INHIBITOR	Arg1:T4	Arg2:T15
14751502	INHIBITOR	Arg1:T4	Arg2:T16
23142699	NO_RELATION	Arg1:T1	Arg2:T8
17418819	ACTIVATOR	Arg1:T3	Arg2:T18
17418819	ACTIVATOR	Arg1:T4	Arg2:T18
23504356	NO_RELATION	Arg1:T1	Arg2:T3
12123767	NO_RELATION	Arg1:T5	Arg2:T15
17369066	NO_RELATION	Arg1:T26	Arg2:T38
17369066	NO_RELATION	Arg1:T27	Arg2:T38
23473681	NO_RELATION	Arg1:T1	Arg2:T11
23473681	NO_RELATION	Arg1:T5	Arg2:T18
23473681	NO_RELATION	Arg1:T6	Arg2:T18
23473681	INHIBITOR	Arg1:T2	Arg2:T13
23473681	INHIBITOR	Arg1:T2	Arg2:T14
23473681	NO_RELATION	Arg1:T9	Arg2:T22
23473681	NO_RELATION	Arg1:T9	Arg2:T20
23473681	NO_RELATION	Arg1:T10	Arg2:T22
23473681	NO_RELATION	Arg1:T10	Arg2:T20
21712771	NO_RELATION	Arg1:T1	Arg2:T8
21712771	PART-OF	Arg1:T2	Arg2:T8
11264758	ANTAGONIST	Arg1:T12	Arg2:T16
11264758	NO_RELATION	Arg1:T10	Arg2:T14
23541399	NO_RELATION	Arg1:T1	Arg2:T5
23541399	NO_RELATION	Arg1:T1	Arg2:T6
23379481	NO_RELATION	Arg1:T17	Arg2:T27
23379481	INHIBITOR	Arg1:T2	Arg2:T20
23379481	INHIBITOR	Arg1:T3	Arg2:T20
23542114	NO_RELATION	Arg1:T7	Arg2:T13
23542114	NO_RELATION	Arg1:T6	Arg2:T12
23542114	INHIBITOR	Arg1:T5	Arg2:T9
23542114	INHIBITOR	Arg1:T5	Arg2:T10
23542114	INHIBITOR	Arg1:T5	Arg2:T11
23395914	NO_RELATION	Arg1:T10	Arg2:T22
23395914	NO_RELATION	Arg1:T11	Arg2:T22
23395914	NO_RELATION	Arg1:T2	Arg2:T17
23395914	NO_RELATION	Arg1:T3	Arg2:T17
23395914	NO_RELATION	Arg1:T4	Arg2:T17
23246481	NO_RELATION	Arg1:T14	Arg2:T25
23246481	NO_RELATION	Arg1:T15	Arg2:T25
23246481	INHIBITOR	Arg1:T12	Arg2:T24
23246481	NO_RELATION	Arg1:T13	Arg2:T24
23246481	NO_RELATION	Arg1:T6	Arg2:T16
23246481	NO_RELATION	Arg1:T6	Arg2:T17
23246481	NO_RELATION	Arg1:T7	Arg2:T16
23246481	NO_RELATION	Arg1:T7	Arg2:T17
23246481	INHIBITOR	Arg1:T10	Arg2:T22
23246481	INHIBITOR	Arg1:T10	Arg2:T23
23246481	ACTIVATOR	Arg1:T11	Arg2:T22
23246481	INHIBITOR	Arg1:T11	Arg2:T23
23246481	INHIBITOR	Arg1:T8	Arg2:T18
23246481	INHIBITOR	Arg1:T8	Arg2:T19
23246481	INDIRECT-DOWNREGULATOR	Arg1:T8	Arg2:T20
23246481	ACTIVATOR	Arg1:T9	Arg2:T18
23246481	ACTIVATOR	Arg1:T9	Arg2:T19
23246481	NO_RELATION	Arg1:T9	Arg2:T20
12438517	DIRECT-REGULATOR	Arg1:T8	Arg2:T23
12438517	ANTAGONIST	Arg1:T1	Arg2:T17
12438517	NO_RELATION	Arg1:T5	Arg2:T19
12438517	NO_RELATION	Arg1:T4	Arg2:T15
12438517	NO_RELATION	Arg1:T4	Arg2:T16
22923473	NO_RELATION	Arg1:T3	Arg2:T7
22923473	NO_RELATION	Arg1:T3	Arg2:T8
11009561	NO_RELATION	Arg1:T25	Arg2:T37
11009561	NO_RELATION	Arg1:T12	Arg2:T34
11009561	NO_RELATION	Arg1:T21	Arg2:T35
11009561	NO_RELATION	Arg1:T24	Arg2:T26
11009561	NO_RELATION	Arg1:T9	Arg2:T30
11009561	NO_RELATION	Arg1:T9	Arg2:T31
23336337	NO_RELATION	Arg1:T3	Arg2:T10
23336337	NO_RELATION	Arg1:T5	Arg2:T10
8294418	DIRECT-REGULATOR	Arg1:T20	Arg2:T37
8294418	INDIRECT-DOWNREGULATOR	Arg1:T9	Arg2:T27
8294418	INDIRECT-DOWNREGULATOR	Arg1:T10	Arg2:T27
8294418	NO_RELATION	Arg1:T14	Arg2:T31
8294418	NO_RELATION	Arg1:T15	Arg2:T31
8294418	NO_RELATION	Arg1:T12	Arg2:T28
8294418	INDIRECT-DOWNREGULATOR	Arg1:T12	Arg2:T30
8294418	INDIRECT-DOWNREGULATOR	Arg1:T13	Arg2:T30
8294418	NO_RELATION	Arg1:T1	Arg2:T25
8294418	NO_RELATION	Arg1:T2	Arg2:T25
8294418	NO_RELATION	Arg1:T24	Arg2:T25
8294418	NO_RELATION	Arg1:T3	Arg2:T29
8294418	NO_RELATION	Arg1:T3	Arg2:T35
8294418	NO_RELATION	Arg1:T8	Arg2:T29
8294418	NO_RELATION	Arg1:T8	Arg2:T35
23473032	NO_RELATION	Arg1:T12	Arg2:T27
23473032	NO_RELATION	Arg1:T9	Arg2:T22
23473032	NO_RELATION	Arg1:T10	Arg2:T25
23535327	INHIBITOR	Arg1:T5	Arg2:T6
23535327	INHIBITOR	Arg1:T5	Arg2:T7
12392782	NO_RELATION	Arg1:T1	Arg2:T17
23220644	NO_RELATION	Arg1:T6	Arg2:T17
23220644	NO_RELATION	Arg1:T6	Arg2:T18
23220644	NO_RELATION	Arg1:T2	Arg2:T7
23220644	NO_RELATION	Arg1:T2	Arg2:T9
23220644	NO_RELATION	Arg1:T2	Arg2:T10
23220644	NO_RELATION	Arg1:T2	Arg2:T11
23382379	NO_RELATION	Arg1:T4	Arg2:T9
23391632	NO_RELATION	Arg1:T4	Arg2:T32
23391632	NO_RELATION	Arg1:T5	Arg2:T32
23391632	NO_RELATION	Arg1:T12	Arg2:T33
23391632	NO_RELATION	Arg1:T14	Arg2:T33
23391632	NO_RELATION	Arg1:T15	Arg2:T33
23500776	NO_RELATION	Arg1:T16	Arg2:T17
23500776	NO_RELATION	Arg1:T16	Arg2:T18
23500776	NO_RELATION	Arg1:T21	Arg2:T15
23500776	DIRECT-REGULATOR	Arg1:T13	Arg2:T15
23500776	NO_RELATION	Arg1:T14	Arg2:T15
17138606	NO_RELATION	Arg1:T2	Arg2:T13
17138606	NO_RELATION	Arg1:T3	Arg2:T13
14984733	NO_RELATION	Arg1:T13	Arg2:T27
14984733	NO_RELATION	Arg1:T8	Arg2:T20
14984733	NO_RELATION	Arg1:T8	Arg2:T21
23530834	INHIBITOR	Arg1:T5	Arg2:T10
23530834	INHIBITOR	Arg1:T4	Arg2:T10
23530834	AGONIST	Arg1:T2	Arg2:T8
23530834	NO_RELATION	Arg1:T2	Arg2:T9
16206183	DIRECT-REGULATOR	Arg1:T2	Arg2:T24
16206183	NO_RELATION	Arg1:T2	Arg2:T27
23298698	INDIRECT-UPREGULATOR	Arg1:T2	Arg2:T12
23298698	INDIRECT-UPREGULATOR	Arg1:T2	Arg2:T13
16774921	NO_RELATION	Arg1:T15	Arg2:T25
16774921	NO_RELATION	Arg1:T14	Arg2:T24
16774921	NO_RELATION	Arg1:T8	Arg2:T20
16774921	NO_RELATION	Arg1:T9	Arg2:T20
16774921	NO_RELATION	Arg1:T10	Arg2:T22
16774921	DIRECT-REGULATOR	Arg1:T11	Arg2:T22
17597612	DIRECT-REGULATOR	Arg1:T7	Arg2:T13
17597612	DIRECT-REGULATOR	Arg1:T7	Arg2:T14
2568748	DIRECT-REGULATOR	Arg1:T1	Arg2:T4
23414838	AGONIST	Arg1:T6	Arg2:T10
23414838	NO_RELATION	Arg1:T4	Arg2:T9
23414838	NO_RELATION	Arg1:T4	Arg2:T8
8098142	ACTIVATOR	Arg1:T20	Arg2:T26
8098142	NO_RELATION	Arg1:T21	Arg2:T26
8098142	NO_RELATION	Arg1:T8	Arg2:T25
8098142	NO_RELATION	Arg1:T9	Arg2:T25
23402628	NO_RELATION	Arg1:T11	Arg2:T22
23402628	NO_RELATION	Arg1:T9	Arg2:T20
23402628	NO_RELATION	Arg1:T9	Arg2:T21
23493568	NO_RELATION	Arg1:T1	Arg2:T7
23493568	INHIBITOR	Arg1:T1	Arg2:T8
23493568	NO_RELATION	Arg1:T5	Arg2:T25
23493568	NO_RELATION	Arg1:T5	Arg2:T26
10694244	NO_RELATION	Arg1:T6	Arg2:T30
10694244	NO_RELATION	Arg1:T27	Arg2:T38
10694244	NO_RELATION	Arg1:T28	Arg2:T38
10694244	INHIBITOR	Arg1:T23	Arg2:T29
10694244	INHIBITOR	Arg1:T24	Arg2:T29
10694244	INHIBITOR	Arg1:T26	Arg2:T29
23423570	NO_RELATION	Arg1:T5	Arg2:T18
15353299	NO_RELATION	Arg1:T9	Arg2:T27
20615127	NO_RELATION	Arg1:T7	Arg2:T33
20615127	NO_RELATION	Arg1:T8	Arg2:T34
17013809	NO_RELATION	Arg1:T1	Arg2:T12
17013809	NO_RELATION	Arg1:T2	Arg2:T10
17013809	NO_RELATION	Arg1:T2	Arg2:T11
23428346	NO_RELATION	Arg1:T16	Arg2:T32
23428346	NO_RELATION	Arg1:T18	Arg2:T33
23428346	NO_RELATION	Arg1:T18	Arg2:T34
23428346	NO_RELATION	Arg1:T5	Arg2:T26
23428346	NO_RELATION	Arg1:T5	Arg2:T27
23428346	NO_RELATION	Arg1:T6	Arg2:T26
23428346	NO_RELATION	Arg1:T6	Arg2:T27
7885191	NO_RELATION	Arg1:T12	Arg2:T52
7885191	NO_RELATION	Arg1:T13	Arg2:T52
7885191	NO_RELATION	Arg1:T18	Arg2:T53
7885191	NO_RELATION	Arg1:T19	Arg2:T53
7885191	NO_RELATION	Arg1:T49	Arg2:T58
7885191	NO_RELATION	Arg1:T50	Arg2:T58
7885191	NO_RELATION	Arg1:T51	Arg2:T58
7885191	NO_RELATION	Arg1:T46	Arg2:T58
15772097	NO_RELATION	Arg1:T5	Arg2:T12
23538201	NO_RELATION	Arg1:T5	Arg2:T29
23228697	INHIBITOR	Arg1:T1	Arg2:T17
12105857	INDIRECT-DOWNREGULATOR	Arg1:T12	Arg2:T28
12105857	NO_RELATION	Arg1:T5	Arg2:T24
12105857	INDIRECT-DOWNREGULATOR	Arg1:T11	Arg2:T27
12105857	INDIRECT-DOWNREGULATOR	Arg1:T21	Arg2:T31
12105857	NO_RELATION	Arg1:T22	Arg2:T31
12105857	NO_RELATION	Arg1:T9	Arg2:T25
12105857	INDIRECT-DOWNREGULATOR	Arg1:T9	Arg2:T26
12105857	NO_RELATION	Arg1:T17	Arg2:T29
12105857	NO_RELATION	Arg1:T18	Arg2:T29
12105857	NO_RELATION	Arg1:T19	Arg2:T29
23512754	NO_RELATION	Arg1:T12	Arg2:T21
23512754	NO_RELATION	Arg1:T8	Arg2:T16
23512754	INDIRECT-DOWNREGULATOR	Arg1:T2	Arg2:T15
23512754	INDIRECT-UPREGULATOR	Arg1:T1	Arg2:T13
23512754	INDIRECT-UPREGULATOR	Arg1:T1	Arg2:T14
15732037	NO_RELATION	Arg1:T6	Arg2:T33
15732037	NO_RELATION	Arg1:T6	Arg2:T34
15732037	NO_RELATION	Arg1:T3	Arg2:T29
15732037	NO_RELATION	Arg1:T3	Arg2:T30
15732037	INDIRECT-DOWNREGULATOR	Arg1:T1	Arg2:T20
15732037	INDIRECT-DOWNREGULATOR	Arg1:T1	Arg2:T21
15732037	INDIRECT-DOWNREGULATOR	Arg1:T1	Arg2:T22
15732037	INDIRECT-DOWNREGULATOR	Arg1:T1	Arg2:T23
12373423	NO_RELATION	Arg1:T26	Arg2:T39
12373423	NO_RELATION	Arg1:T20	Arg2:T38
12373423	NO_RELATION	Arg1:T14	Arg2:T33
12373423	NO_RELATION	Arg1:T2	Arg2:T28
12373423	NO_RELATION	Arg1:T7	Arg2:T29
12373423	ANTAGONIST	Arg1:T8	Arg2:T30
12373423	NO_RELATION	Arg1:T17	Arg2:T32
12373423	NO_RELATION	Arg1:T19	Arg2:T35
12373423	ACTIVATOR	Arg1:T19	Arg2:T36
12373423	ACTIVATOR	Arg1:T19	Arg2:T37
23454835	NO_RELATION	Arg1:T6	Arg2:T11
22982218	NO_RELATION	Arg1:T7	Arg2:T22
22982218	INDIRECT-UPREGULATOR	Arg1:T2	Arg2:T10
22982218	NO_RELATION	Arg1:T4	Arg2:T11
22982218	NO_RELATION	Arg1:T4	Arg2:T12
22982218	NO_RELATION	Arg1:T5	Arg2:T16
22982218	NO_RELATION	Arg1:T5	Arg2:T17
22982218	NO_RELATION	Arg1:T5	Arg2:T18
15837926	NO_RELATION	Arg1:T5	Arg2:T16
15837926	NO_RELATION	Arg1:T5	Arg2:T17
23327794	AGONIST	Arg1:T9	Arg2:T14
23327794	AGONIST	Arg1:T9	Arg2:T10
14613270	NO_RELATION	Arg1:T1	Arg2:T7
23353658	NO_RELATION	Arg1:T6	Arg2:T21
23353658	NO_RELATION	Arg1:T7	Arg2:T21
23603381	NO_RELATION	Arg1:T5	Arg2:T14
15991937	NO_RELATION	Arg1:T17	Arg2:T27
15991937	NO_RELATION	Arg1:T21	Arg2:T22
15991937	DIRECT-REGULATOR	Arg1:T13	Arg2:T24
15991937	DIRECT-REGULATOR	Arg1:T14	Arg2:T26
15991937	NO_RELATION	Arg1:T6	Arg2:T20
15991937	AGONIST	Arg1:T1	Arg2:T25
15991937	NO_RELATION	Arg1:T2	Arg2:T25
15991937	NO_RELATION	Arg1:T3	Arg2:T19
15991937	NO_RELATION	Arg1:T4	Arg2:T19
10593931	NO_RELATION	Arg1:T2	Arg2:T11
10593931	NO_RELATION	Arg1:T7	Arg2:T33
10593931	NO_RELATION	Arg1:T7	Arg2:T34
10593931	NO_RELATION	Arg1:T3	Arg2:T13
10593931	DIRECT-REGULATOR	Arg1:T3	Arg2:T14
10593931	NO_RELATION	Arg1:T5	Arg2:T16
10593931	NO_RELATION	Arg1:T5	Arg2:T17
10593931	NO_RELATION	Arg1:T6	Arg2:T16
10593931	NO_RELATION	Arg1:T6	Arg2:T17
23322769	NO_RELATION	Arg1:T5	Arg2:T18
23322769	INDIRECT-DOWNREGULATOR	Arg1:T1	Arg2:T11
23322769	INDIRECT-UPREGULATOR	Arg1:T2	Arg2:T14
23322769	NO_RELATION	Arg1:T2	Arg2:T15
23600432	NO_RELATION	Arg1:T1	Arg2:T9
23600432	NO_RELATION	Arg1:T1	Arg2:T10
9476974	NO_RELATION	Arg1:T14	Arg2:T46
9890894	NO_RELATION	Arg1:T5	Arg2:T21
9890894	NO_RELATION	Arg1:T2	Arg2:T12
9890894	NO_RELATION	Arg1:T4	Arg2:T18
9890894	NO_RELATION	Arg1:T4	Arg2:T19
9890894	NO_RELATION	Arg1:T6	Arg2:T34
9890894	NO_RELATION	Arg1:T6	Arg2:T36
9890894	NO_RELATION	Arg1:T6	Arg2:T37
9890894	NO_RELATION	Arg1:T3	Arg2:T14
9890894	NO_RELATION	Arg1:T3	Arg2:T15
9890894	NO_RELATION	Arg1:T3	Arg2:T16
10752671	INHIBITOR	Arg1:T1	Arg2:T8
10752671	NO_RELATION	Arg1:T5	Arg2:T9
23500061	NO_RELATION	Arg1:T2	Arg2:T14
23500061	NO_RELATION	Arg1:T3	Arg2:T14
23182946	NO_RELATION	Arg1:T10	Arg2:T36
23182946	NO_RELATION	Arg1:T2	Arg2:T17
23182946	NO_RELATION	Arg1:T2	Arg2:T18
23182946	NO_RELATION	Arg1:T5	Arg2:T19
23182946	NO_RELATION	Arg1:T5	Arg2:T20
23182946	NO_RELATION	Arg1:T11	Arg2:T37
23182946	NO_RELATION	Arg1:T11	Arg2:T15
23182946	NO_RELATION	Arg1:T12	Arg2:T37
23182946	NO_RELATION	Arg1:T12	Arg2:T15
23256446	NO_RELATION	Arg1:T2	Arg2:T13
23256446	NO_RELATION	Arg1:T1	Arg2:T9
23256446	NO_RELATION	Arg1:T1	Arg2:T10
3735252	INHIBITOR	Arg1:T1	Arg2:T13
3735252	NO_RELATION	Arg1:T2	Arg2:T12
3735252	NO_RELATION	Arg1:T5	Arg2:T12
3735252	NO_RELATION	Arg1:T8	Arg2:T19
3735252	PART-OF	Arg1:T9	Arg2:T19
17320868	NO_RELATION	Arg1:T18	Arg2:T32
17320868	NO_RELATION	Arg1:T20	Arg2:T34
17320868	NO_RELATION	Arg1:T20	Arg2:T35
17320868	NO_RELATION	Arg1:T8	Arg2:T25
17320868	NO_RELATION	Arg1:T9	Arg2:T25
17320868	NO_RELATION	Arg1:T21	Arg2:T36
17320868	NO_RELATION	Arg1:T22	Arg2:T36
17320868	NO_RELATION	Arg1:T23	Arg2:T36
17320868	NO_RELATION	Arg1:T14	Arg2:T31
17320868	NO_RELATION	Arg1:T15	Arg2:T31
17320868	NO_RELATION	Arg1:T16	Arg2:T31
17320868	NO_RELATION	Arg1:T17	Arg2:T31
16344985	INHIBITOR	Arg1:T18	Arg2:T35
16344985	INHIBITOR	Arg1:T6	Arg2:T30
16344985	PRODUCT-OF	Arg1:T25	Arg2:T36
16344985	PRODUCT-OF	Arg1:T27	Arg2:T36
16344985	NO_RELATION	Arg1:T28	Arg2:T36
16344985	NO_RELATION	Arg1:T13	Arg2:T32
16344985	SUBSTRATE	Arg1:T14	Arg2:T32
16344985	SUBSTRATE	Arg1:T15	Arg2:T32
16344985	NO_RELATION	Arg1:T16	Arg2:T31
16344985	NO_RELATION	Arg1:T19	Arg2:T31
16344985	SUBSTRATE	Arg1:T7	Arg2:T31
16344985	SUBSTRATE	Arg1:T11	Arg2:T31
16344985	NO_RELATION	Arg1:T12	Arg2:T31
19244097	NO_RELATION	Arg1:T37	Arg2:T54
15563928	NO_RELATION	Arg1:T2	Arg2:T16
15563928	NO_RELATION	Arg1:T10	Arg2:T17
15563928	NO_RELATION	Arg1:T10	Arg2:T18
15563928	NO_RELATION	Arg1:T10	Arg2:T19
14725487	NO_RELATION	Arg1:T8	Arg2:T22
14725487	NO_RELATION	Arg1:T9	Arg2:T22
9607108	NO_RELATION	Arg1:T4	Arg2:T31
9607108	PART-OF	Arg1:T1	Arg2:T16
9607108	PART-OF	Arg1:T1	Arg2:T17
9607108	NO_RELATION	Arg1:T2	Arg2:T24
9607108	NO_RELATION	Arg1:T2	Arg2:T25
9607108	NO_RELATION	Arg1:T5	Arg2:T42
9607108	NO_RELATION	Arg1:T5	Arg2:T43
9607108	NO_RELATION	Arg1:T5	Arg2:T44
17090056	NO_RELATION	Arg1:T17	Arg2:T31
17090056	NO_RELATION	Arg1:T18	Arg2:T31
17090056	NO_RELATION	Arg1:T20	Arg2:T32
17090056	NO_RELATION	Arg1:T21	Arg2:T32
22902329	NO_RELATION	Arg1:T12	Arg2:T33
22902329	NO_RELATION	Arg1:T10	Arg2:T32
22902329	NO_RELATION	Arg1:T22	Arg2:T38
22902329	NO_RELATION	Arg1:T22	Arg2:T39
22902329	NO_RELATION	Arg1:T7	Arg2:T28
22902329	NO_RELATION	Arg1:T7	Arg2:T29
22902329	NO_RELATION	Arg1:T7	Arg2:T30
22902329	NO_RELATION	Arg1:T7	Arg2:T31
22902329	NO_RELATION	Arg1:T3	Arg2:T25
22902329	NO_RELATION	Arg1:T3	Arg2:T26
22902329	NO_RELATION	Arg1:T3	Arg2:T27
22902329	NO_RELATION	Arg1:T5	Arg2:T26
22902329	NO_RELATION	Arg1:T5	Arg2:T27
7711211	NO_RELATION	Arg1:T1	Arg2:T7
7711211	INDIRECT-DOWNREGULATOR	Arg1:T11	Arg2:T23
7711211	NO_RELATION	Arg1:T17	Arg2:T28
7711211	NO_RELATION	Arg1:T17	Arg2:T29
7711211	INDIRECT-DOWNREGULATOR	Arg1:T13	Arg2:T24
7711211	INDIRECT-DOWNREGULATOR	Arg1:T14	Arg2:T24
7711211	NO_RELATION	Arg1:T15	Arg2:T25
7711211	NO_RELATION	Arg1:T16	Arg2:T25
7711211	PART-OF	Arg1:T2	Arg2:T4
7711211	NO_RELATION	Arg1:T3	Arg2:T4
17040106	NO_RELATION	Arg1:T25	Arg2:T42
17040106	NO_RELATION	Arg1:T25	Arg2:T41
16343532	NO_RELATION	Arg1:T1	Arg2:T14
16343532	NO_RELATION	Arg1:T2	Arg2:T14
16343532	DIRECT-REGULATOR	Arg1:T7	Arg2:T16
16343532	DIRECT-REGULATOR	Arg1:T7	Arg2:T17
16343532	NO_RELATION	Arg1:T7	Arg2:T18
23041257	NO_RELATION	Arg1:T11	Arg2:T24
23041257	INHIBITOR	Arg1:T1	Arg2:T17
23041257	NO_RELATION	Arg1:T2	Arg2:T20
23041257	NO_RELATION	Arg1:T2	Arg2:T21
23041257	NO_RELATION	Arg1:T13	Arg2:T25
23041257	NO_RELATION	Arg1:T13	Arg2:T26
23041257	NO_RELATION	Arg1:T13	Arg2:T15
23041257	NO_RELATION	Arg1:T9	Arg2:T22
23041257	NO_RELATION	Arg1:T9	Arg2:T23
23041257	NO_RELATION	Arg1:T10	Arg2:T22
23041257	NO_RELATION	Arg1:T10	Arg2:T23
17459764	NO_RELATION	Arg1:T4	Arg2:T30
17459764	INDIRECT-UPREGULATOR	Arg1:T26	Arg2:T43
17459764	ACTIVATOR	Arg1:T26	Arg2:T44
17459764	NO_RELATION	Arg1:T3	Arg2:T28
17459764	NO_RELATION	Arg1:T3	Arg2:T29
11752472	NO_RELATION	Arg1:T20	Arg2:T38
11752472	NO_RELATION	Arg1:T20	Arg2:T37
11752472	NO_RELATION	Arg1:T2	Arg2:T22
11752472	NO_RELATION	Arg1:T2	Arg2:T23
11752472	NO_RELATION	Arg1:T5	Arg2:T26
11752472	NO_RELATION	Arg1:T5	Arg2:T27
11752472	NO_RELATION	Arg1:T5	Arg2:T28
11752472	NO_RELATION	Arg1:T5	Arg2:T29
12244038	INHIBITOR	Arg1:T17	Arg2:T68
12244038	NO_RELATION	Arg1:T10	Arg2:T55
12244038	ACTIVATOR	Arg1:T11	Arg2:T58
12244038	ACTIVATOR	Arg1:T11	Arg2:T59
12244038	NO_RELATION	Arg1:T11	Arg2:T60
12244038	NO_RELATION	Arg1:T13	Arg2:T62
12244038	NO_RELATION	Arg1:T13	Arg2:T63
12244038	NO_RELATION	Arg1:T13	Arg2:T64
12244038	NO_RELATION	Arg1:T15	Arg2:T67
12244038	NO_RELATION	Arg1:T15	Arg2:T19
12244038	ACTIVATOR	Arg1:T16	Arg2:T19
12244038	INHIBITOR	Arg1:T4	Arg2:T45
12244038	INHIBITOR	Arg1:T4	Arg2:T46
12244038	INHIBITOR	Arg1:T4	Arg2:T47
12244038	INHIBITOR	Arg1:T4	Arg2:T48
12244038	NO_RELATION	Arg1:T5	Arg2:T49
12244038	INHIBITOR	Arg1:T5	Arg2:T50
12244038	INHIBITOR	Arg1:T5	Arg2:T51
12244038	INHIBITOR	Arg1:T5	Arg2:T52
12244038	INHIBITOR	Arg1:T1	Arg2:T56
12244038	INDIRECT-DOWNREGULATOR	Arg1:T1	Arg2:T20
12244038	INDIRECT-DOWNREGULATOR	Arg1:T1	Arg2:T29
12244038	NO_RELATION	Arg1:T14	Arg2:T20
12244038	NO_RELATION	Arg1:T14	Arg2:T29
10424850	NO_RELATION	Arg1:T7	Arg2:T19
10424850	NO_RELATION	Arg1:T8	Arg2:T19
10424850	INHIBITOR	Arg1:T1	Arg2:T18
10424850	INDIRECT-DOWNREGULATOR	Arg1:T1	Arg2:T10
10424850	NO_RELATION	Arg1:T2	Arg2:T13
10424850	NO_RELATION	Arg1:T2	Arg2:T14
10424850	NO_RELATION	Arg1:T3	Arg2:T13
10424850	NO_RELATION	Arg1:T3	Arg2:T14
23511016	INHIBITOR	Arg1:T6	Arg2:T11
23511016	INHIBITOR	Arg1:T7	Arg2:T11
23305850	NO_RELATION	Arg1:T6	Arg2:T19
23305850	NO_RELATION	Arg1:T6	Arg2:T20
23305850	NO_RELATION	Arg1:T1	Arg2:T9
23305850	NO_RELATION	Arg1:T2	Arg2:T9
23305850	NO_RELATION	Arg1:T3	Arg2:T9
23305850	NO_RELATION	Arg1:T4	Arg2:T9
22718571	NO_RELATION	Arg1:T12	Arg2:T20
22718571	NO_RELATION	Arg1:T13	Arg2:T20
22718571	NO_RELATION	Arg1:T6	Arg2:T14
22718571	NO_RELATION	Arg1:T6	Arg2:T15
22718571	INDIRECT-UPREGULATOR	Arg1:T8	Arg2:T17
22718571	INDIRECT-UPREGULATOR	Arg1:T8	Arg2:T18
23152186	NO_RELATION	Arg1:T13	Arg2:T31
23152186	NO_RELATION	Arg1:T4	Arg2:T23
23152186	ACTIVATOR	Arg1:T16	Arg2:T32
23152186	ACTIVATOR	Arg1:T16	Arg2:T33
23152186	INDIRECT-DOWNREGULATOR	Arg1:T14	Arg2:T17
23152186	INDIRECT-DOWNREGULATOR	Arg1:T15	Arg2:T17
23152186	NO_RELATION	Arg1:T12	Arg2:T27
23152186	NO_RELATION	Arg1:T12	Arg2:T28
23152186	NO_RELATION	Arg1:T12	Arg2:T29
23152186	NO_RELATION	Arg1:T12	Arg2:T30
23152186	NO_RELATION	Arg1:T8	Arg2:T24
23152186	NO_RELATION	Arg1:T8	Arg2:T25
23152186	NO_RELATION	Arg1:T8	Arg2:T26
23152186	NO_RELATION	Arg1:T9	Arg2:T26
11792932	INHIBITOR	Arg1:T7	Arg2:T42
11792932	NO_RELATION	Arg1:T41	Arg2:T44
11792932	NO_RELATION	Arg1:T16	Arg2:T44
15737409	NO_RELATION	Arg1:T1	Arg2:T21
15737409	NO_RELATION	Arg1:T14	Arg2:T30
15737409	NO_RELATION	Arg1:T14	Arg2:T31
15737409	NO_RELATION	Arg1:T2	Arg2:T22
15737409	NO_RELATION	Arg1:T2	Arg2:T23
15737409	NO_RELATION	Arg1:T7	Arg2:T22
15737409	NO_RELATION	Arg1:T7	Arg2:T23
15944809	INHIBITOR	Arg1:T9	Arg2:T13
12719755	NO_RELATION	Arg1:T7	Arg2:T8
17303537	NO_RELATION	Arg1:T6	Arg2:T10
23327993	NO_RELATION	Arg1:T10	Arg2:T39
23327993	NO_RELATION	Arg1:T4	Arg2:T15
23327993	NO_RELATION	Arg1:T4	Arg2:T16
23327993	SUBSTRATE	Arg1:T8	Arg2:T32
23327993	NO_RELATION	Arg1:T8	Arg2:T33
23327993	NO_RELATION	Arg1:T8	Arg2:T36
23327993	NO_RELATION	Arg1:T8	Arg2:T37
19370562	NO_RELATION	Arg1:T13	Arg2:T19
18081314	NO_RELATION	Arg1:T27	Arg2:T30
18081314	NO_RELATION	Arg1:T4	Arg2:T34
18081314	NO_RELATION	Arg1:T6	Arg2:T37
18081314	NO_RELATION	Arg1:T7	Arg2:T37
18081314	NO_RELATION	Arg1:T25	Arg2:T32
18081314	NO_RELATION	Arg1:T25	Arg2:T36
18081314	NO_RELATION	Arg1:T1	Arg2:T32
18081314	NO_RELATION	Arg1:T1	Arg2:T36
18081314	DIRECT-REGULATOR	Arg1:T11	Arg2:T38
18081314	DIRECT-REGULATOR	Arg1:T11	Arg2:T39
18081314	NO_RELATION	Arg1:T12	Arg2:T39
18081314	NO_RELATION	Arg1:T13	Arg2:T39
18081314	NO_RELATION	Arg1:T14	Arg2:T39
18081314	DIRECT-REGULATOR	Arg1:T16	Arg2:T39
11861820	DIRECT-REGULATOR	Arg1:T21	Arg2:T36
11861820	DIRECT-REGULATOR	Arg1:T22	Arg2:T36
11861820	NO_RELATION	Arg1:T8	Arg2:T30
11861820	NO_RELATION	Arg1:T8	Arg2:T31
11861820	NO_RELATION	Arg1:T9	Arg2:T30
11861820	NO_RELATION	Arg1:T9	Arg2:T31
23288049	NO_RELATION	Arg1:T17	Arg2:T21
9211565	INDIRECT-DOWNREGULATOR	Arg1:T20	Arg2:T35
9211565	NO_RELATION	Arg1:T22	Arg2:T35
9211565	NO_RELATION	Arg1:T4	Arg2:T30
9211565	NO_RELATION	Arg1:T4	Arg2:T31
23116965	AGONIST	Arg1:T21	Arg2:T25
23194076	NO_RELATION	Arg1:T6	Arg2:T12
23194076	NO_RELATION	Arg1:T8	Arg2:T24
23194076	NO_RELATION	Arg1:T8	Arg2:T25
23194076	NO_RELATION	Arg1:T7	Arg2:T10
23194076	INDIRECT-UPREGULATOR	Arg1:T7	Arg2:T11
23432124	NO_RELATION	Arg1:T8	Arg2:T18
23432124	ANTAGONIST	Arg1:T1	Arg2:T17
23432124	ANTAGONIST	Arg1:T9	Arg2:T17
17111172	NO_RELATION	Arg1:T4	Arg2:T29
17111172	NO_RELATION	Arg1:T5	Arg2:T29
17111172	NO_RELATION	Arg1:T13	Arg2:T35
17111172	NO_RELATION	Arg1:T13	Arg2:T36
17111172	NO_RELATION	Arg1:T13	Arg2:T37
17111172	DIRECT-REGULATOR	Arg1:T9	Arg2:T31
17111172	NO_RELATION	Arg1:T9	Arg2:T32
17111172	NO_RELATION	Arg1:T10	Arg2:T32
23296837	NO_RELATION	Arg1:T14	Arg2:T26
23296837	NO_RELATION	Arg1:T17	Arg2:T27
23296837	NO_RELATION	Arg1:T8	Arg2:T25
23296837	NO_RELATION	Arg1:T9	Arg2:T25
23296837	ACTIVATOR	Arg1:T1	Arg2:T20
23296837	ACTIVATOR	Arg1:T1	Arg2:T21
23296837	NO_RELATION	Arg1:T4	Arg2:T22
23296837	NO_RELATION	Arg1:T4	Arg2:T23
18974361	NO_RELATION	Arg1:T8	Arg2:T19
18974361	INHIBITOR	Arg1:T13	Arg2:T25
17150756	DIRECT-REGULATOR	Arg1:T6	Arg2:T10
17150756	NO_RELATION	Arg1:T4	Arg2:T9
17150756	NO_RELATION	Arg1:T4	Arg2:T7
16268464	NO_RELATION	Arg1:T10	Arg2:T30
23511897	NO_RELATION	Arg1:T9	Arg2:T33
17391279	DIRECT-REGULATOR	Arg1:T19	Arg2:T28
17391279	NO_RELATION	Arg1:T11	Arg2:T25
17391279	NO_RELATION	Arg1:T11	Arg2:T26
17391279	NO_RELATION	Arg1:T11	Arg2:T27
16938288	NO_RELATION	Arg1:T8	Arg2:T30
16938288	NO_RELATION	Arg1:T9	Arg2:T34
16938288	NO_RELATION	Arg1:T10	Arg2:T36
16938288	NO_RELATION	Arg1:T11	Arg2:T37
16938288	ACTIVATOR	Arg1:T11	Arg2:T38
16938288	ANTAGONIST	Arg1:T4	Arg2:T15
16938288	NO_RELATION	Arg1:T4	Arg2:T16
16938288	NO_RELATION	Arg1:T22	Arg2:T23
16938288	NO_RELATION	Arg1:T22	Arg2:T24
16938288	ANTAGONIST	Arg1:T3	Arg2:T28
16938288	ANTAGONIST	Arg1:T3	Arg2:T32
16938288	AGONIST	Arg1:T3	Arg2:T19
16938288	AGONIST	Arg1:T3	Arg2:T26
16938288	NO_RELATION	Arg1:T6	Arg2:T20
16938288	PRODUCT-OF	Arg1:T6	Arg2:T21
16938288	NO_RELATION	Arg1:T7	Arg2:T20
16938288	INHIBITOR	Arg1:T7	Arg2:T21
14583450	INHIBITOR	Arg1:T3	Arg2:T26
17148442	NO_RELATION	Arg1:T1	Arg2:T9
17148442	NO_RELATION	Arg1:T1	Arg2:T10
16365052	NO_RELATION	Arg1:T1	Arg2:T11
11292635	NO_RELATION	Arg1:T1	Arg2:T29
11292635	NO_RELATION	Arg1:T2	Arg2:T29
11292635	NO_RELATION	Arg1:T6	Arg2:T32
11292635	SUBSTRATE	Arg1:T7	Arg2:T32
11292635	SUBSTRATE	Arg1:T8	Arg2:T32
11292635	NO_RELATION	Arg1:T19	Arg2:T35
11292635	NO_RELATION	Arg1:T20	Arg2:T35
11292635	NO_RELATION	Arg1:T21	Arg2:T35
11292635	NO_RELATION	Arg1:T22	Arg2:T35
11292635	NO_RELATION	Arg1:T23	Arg2:T35
8636122	DIRECT-REGULATOR	Arg1:T10	Arg2:T28
8636122	DIRECT-REGULATOR	Arg1:T15	Arg2:T31
8636122	NO_RELATION	Arg1:T15	Arg2:T30
8636122	NO_RELATION	Arg1:T4	Arg2:T23
8636122	NO_RELATION	Arg1:T4	Arg2:T25
8636122	NO_RELATION	Arg1:T4	Arg2:T18
8636122	PART-OF	Arg1:T12	Arg2:T29
8636122	NO_RELATION	Arg1:T12	Arg2:T16
8636122	NO_RELATION	Arg1:T13	Arg2:T16
8636122	NO_RELATION	Arg1:T1	Arg2:T16
8819507	NO_RELATION	Arg1:T4	Arg2:T28
8819507	NO_RELATION	Arg1:T7	Arg2:T29
8819507	NO_RELATION	Arg1:T8	Arg2:T29
8819507	NO_RELATION	Arg1:T9	Arg2:T29
8819507	NO_RELATION	Arg1:T1	Arg2:T26
8819507	NO_RELATION	Arg1:T1	Arg2:T27
8819507	AGONIST	Arg1:T2	Arg2:T26
8819507	NO_RELATION	Arg1:T2	Arg2:T27
8819507	NO_RELATION	Arg1:T19	Arg2:T25
8819507	NO_RELATION	Arg1:T20	Arg2:T25
8819507	NO_RELATION	Arg1:T21	Arg2:T25
8819507	NO_RELATION	Arg1:T22	Arg2:T25
8819507	NO_RELATION	Arg1:T23	Arg2:T25
10522750	NO_RELATION	Arg1:T10	Arg2:T33
10522750	NO_RELATION	Arg1:T17	Arg2:T37
10522750	NO_RELATION	Arg1:T1	Arg2:T26
15665864	NO_RELATION	Arg1:T12	Arg2:T23
15665864	NO_RELATION	Arg1:T5	Arg2:T20
15665864	INDIRECT-DOWNREGULATOR	Arg1:T2	Arg2:T14
15665864	NO_RELATION	Arg1:T4	Arg2:T18
15665864	INHIBITOR	Arg1:T11	Arg2:T13
15665864	INHIBITOR	Arg1:T1	Arg2:T13
7837275	NO_RELATION	Arg1:T8	Arg2:T33
7837275	DIRECT-REGULATOR	Arg1:T9	Arg2:T33
7837275	NO_RELATION	Arg1:T3	Arg2:T17
7837275	NO_RELATION	Arg1:T3	Arg2:T18
7837275	DIRECT-REGULATOR	Arg1:T6	Arg2:T22
7837275	NO_RELATION	Arg1:T6	Arg2:T23
7837275	NO_RELATION	Arg1:T7	Arg2:T25
7837275	NO_RELATION	Arg1:T7	Arg2:T26
17479245	NO_RELATION	Arg1:T12	Arg2:T16
17479245	NO_RELATION	Arg1:T10	Arg2:T25
17479245	NO_RELATION	Arg1:T3	Arg2:T18
17479245	NO_RELATION	Arg1:T5	Arg2:T19
17479245	NO_RELATION	Arg1:T8	Arg2:T21
19389876	INHIBITOR	Arg1:T4	Arg2:T20
19389876	ANTAGONIST	Arg1:T1	Arg2:T19
19389876	SUBSTRATE	Arg1:T1	Arg2:T18
19389876	NO_RELATION	Arg1:T14	Arg2:T17
19389876	NO_RELATION	Arg1:T2	Arg2:T17
19389876	NO_RELATION	Arg1:T3	Arg2:T17
17575572	NO_RELATION	Arg1:T1	Arg2:T6
17575572	NO_RELATION	Arg1:T2	Arg2:T6
12957216	NO_RELATION	Arg1:T1	Arg2:T19
12957216	NO_RELATION	Arg1:T1	Arg2:T20
12957216	NO_RELATION	Arg1:T3	Arg2:T21
12957216	NO_RELATION	Arg1:T4	Arg2:T21
17221210	INDIRECT-UPREGULATOR	Arg1:T8	Arg2:T23
17221210	INDIRECT-UPREGULATOR	Arg1:T8	Arg2:T24
20596674	NO_RELATION	Arg1:T3	Arg2:T28
20596674	NO_RELATION	Arg1:T26	Arg2:T40
20596674	NO_RELATION	Arg1:T27	Arg2:T40
20596674	NO_RELATION	Arg1:T23	Arg2:T38
20596674	NO_RELATION	Arg1:T24	Arg2:T38
20596674	NO_RELATION	Arg1:T15	Arg2:T33
20596674	NO_RELATION	Arg1:T16	Arg2:T33
20596674	NO_RELATION	Arg1:T17	Arg2:T33
20596674	NO_RELATION	Arg1:T8	Arg2:T29
20596674	NO_RELATION	Arg1:T8	Arg2:T30
20596674	NO_RELATION	Arg1:T9	Arg2:T30
20596674	NO_RELATION	Arg1:T1	Arg2:T32
20596674	NO_RELATION	Arg1:T1	Arg2:T34
20596674	NO_RELATION	Arg1:T4	Arg2:T32
20596674	NO_RELATION	Arg1:T4	Arg2:T34
23384997	NO_RELATION	Arg1:T19	Arg2:T44
23384997	NO_RELATION	Arg1:T19	Arg2:T45
23172777	INHIBITOR	Arg1:T5	Arg2:T11
23172777	NO_RELATION	Arg1:T3	Arg2:T8
23172777	NO_RELATION	Arg1:T4	Arg2:T8
23172777	NO_RELATION	Arg1:T1	Arg2:T6
23172777	NO_RELATION	Arg1:T1	Arg2:T7
23172777	NO_RELATION	Arg1:T2	Arg2:T7
23440512	NO_RELATION	Arg1:T8	Arg2:T18
23564313	NO_RELATION	Arg1:T12	Arg2:T33
23564313	NO_RELATION	Arg1:T12	Arg2:T34
23564313	NO_RELATION	Arg1:T5	Arg2:T21
23564313	NO_RELATION	Arg1:T5	Arg2:T22
23564313	NO_RELATION	Arg1:T5	Arg2:T23
9891987	NO_RELATION	Arg1:T6	Arg2:T12
9891987	NO_RELATION	Arg1:T6	Arg2:T13
23623750	NO_RELATION	Arg1:T9	Arg2:T33
23623750	NO_RELATION	Arg1:T10	Arg2:T13
23623750	NO_RELATION	Arg1:T10	Arg2:T14
23623750	NO_RELATION	Arg1:T10	Arg2:T15
23182954	NO_RELATION	Arg1:T2	Arg2:T13
23182954	NO_RELATION	Arg1:T2	Arg2:T14
23182954	NO_RELATION	Arg1:T10	Arg2:T24
23182954	NO_RELATION	Arg1:T10	Arg2:T25
23182954	NO_RELATION	Arg1:T10	Arg2:T26
20226815	NO_RELATION	Arg1:T3	Arg2:T21
20226815	NO_RELATION	Arg1:T2	Arg2:T25
20226815	NO_RELATION	Arg1:T5	Arg2:T25
20226815	NO_RELATION	Arg1:T6	Arg2:T25
9399012	NO_RELATION	Arg1:T2	Arg2:T23
14523001	NO_RELATION	Arg1:T8	Arg2:T26
14523001	NO_RELATION	Arg1:T6	Arg2:T20
14523001	NO_RELATION	Arg1:T6	Arg2:T21
14523001	NO_RELATION	Arg1:T2	Arg2:T11
14523001	NO_RELATION	Arg1:T2	Arg2:T12
12487427	NO_RELATION	Arg1:T88	Arg2:T89
12487427	NO_RELATION	Arg1:T88	Arg2:T90
12487427	NO_RELATION	Arg1:T28	Arg2:T70
12487427	NO_RELATION	Arg1:T28	Arg2:T71
12487427	NO_RELATION	Arg1:T29	Arg2:T70
12487427	NO_RELATION	Arg1:T29	Arg2:T71
12487427	NO_RELATION	Arg1:T72	Arg2:T73
12487427	NO_RELATION	Arg1:T72	Arg2:T75
12487427	NO_RELATION	Arg1:T72	Arg2:T76
12487427	NO_RELATION	Arg1:T74	Arg2:T75
12487427	NO_RELATION	Arg1:T74	Arg2:T76
17379925	NO_RELATION	Arg1:T3	Arg2:T16
17379925	NO_RELATION	Arg1:T8	Arg2:T24
17379925	NO_RELATION	Arg1:T9	Arg2:T24
23142507	PART-OF	Arg1:T1	Arg2:T19
22872607	NO_RELATION	Arg1:T8	Arg2:T20
22872607	NO_RELATION	Arg1:T9	Arg2:T24
22872607	NO_RELATION	Arg1:T10	Arg2:T24
23600800	NO_RELATION	Arg1:T5	Arg2:T27
23600800	NO_RELATION	Arg1:T3	Arg2:T17
23600800	NO_RELATION	Arg1:T3	Arg2:T18
12897749	NO_RELATION	Arg1:T10	Arg2:T37
12897749	NO_RELATION	Arg1:T19	Arg2:T40
12897749	NO_RELATION	Arg1:T34	Arg2:T53
12897749	NO_RELATION	Arg1:T34	Arg2:T52
12897749	INHIBITOR	Arg1:T35	Arg2:T52
12897749	NO_RELATION	Arg1:T7	Arg2:T36
12897749	NO_RELATION	Arg1:T8	Arg2:T36
12897749	NO_RELATION	Arg1:T9	Arg2:T36
12897749	NO_RELATION	Arg1:T14	Arg2:T38
12897749	NO_RELATION	Arg1:T15	Arg2:T38
12897749	NO_RELATION	Arg1:T16	Arg2:T38
12897749	NO_RELATION	Arg1:T17	Arg2:T38
17146052	NO_RELATION	Arg1:T3	Arg2:T10
23543413	NO_RELATION	Arg1:T10	Arg2:T24
20185318	NO_RELATION	Arg1:T12	Arg2:T33
18035186	INHIBITOR	Arg1:T26	Arg2:T36
18035186	NO_RELATION	Arg1:T9	Arg2:T31
18035186	NO_RELATION	Arg1:T10	Arg2:T31
18035186	NO_RELATION	Arg1:T14	Arg2:T31
12956944	NO_RELATION	Arg1:T8	Arg2:T26
12956944	NO_RELATION	Arg1:T1	Arg2:T21
12956944	NO_RELATION	Arg1:T3	Arg2:T22
12956944	NO_RELATION	Arg1:T13	Arg2:T29
12956944	NO_RELATION	Arg1:T14	Arg2:T29
12956944	NO_RELATION	Arg1:T15	Arg2:T30
12956944	NO_RELATION	Arg1:T15	Arg2:T19
12560076	SUBSTRATE	Arg1:T4	Arg2:T24
12560076	AGONIST	Arg1:T1	Arg2:T23
12560076	DIRECT-REGULATOR	Arg1:T18	Arg2:T23
3994963	DIRECT-REGULATOR	Arg1:T12	Arg2:T22
3994963	NO_RELATION	Arg1:T10	Arg2:T20
3994963	NO_RELATION	Arg1:T1	Arg2:T21
3994963	NO_RELATION	Arg1:T7	Arg2:T21
3994963	NO_RELATION	Arg1:T6	Arg2:T19
3994963	NO_RELATION	Arg1:T8	Arg2:T19
11562773	NO_RELATION	Arg1:T5	Arg2:T19
11562773	NO_RELATION	Arg1:T4	Arg2:T18
11562773	INHIBITOR	Arg1:T2	Arg2:T10
7714410	ANTAGONIST	Arg1:T22	Arg2:T25
23314320	NO_RELATION	Arg1:T10	Arg2:T16
23314320	NO_RELATION	Arg1:T11	Arg2:T16
23314320	NO_RELATION	Arg1:T1	Arg2:T15
23314320	NO_RELATION	Arg1:T2	Arg2:T15
23314320	NO_RELATION	Arg1:T4	Arg2:T15
16417577	NO_RELATION	Arg1:T3	Arg2:T11
2982865	NO_RELATION	Arg1:T9	Arg2:T28
2982865	INHIBITOR	Arg1:T18	Arg2:T29
2982865	NO_RELATION	Arg1:T22	Arg2:T29
11474486	NO_RELATION	Arg1:T4	Arg2:T27
11474486	NO_RELATION	Arg1:T10	Arg2:T34
11474486	NO_RELATION	Arg1:T10	Arg2:T35
11474486	AGONIST	Arg1:T11	Arg2:T35
11474486	NO_RELATION	Arg1:T21	Arg2:T40
11474486	INDIRECT-UPREGULATOR	Arg1:T21	Arg2:T22
11474486	INDIRECT-UPREGULATOR	Arg1:T21	Arg2:T23
17507169	NO_RELATION	Arg1:T27	Arg2:T28
17507169	ANTAGONIST	Arg1:T6	Arg2:T16
17507169	ANTAGONIST	Arg1:T13	Arg2:T16
15937104	NO_RELATION	Arg1:T1	Arg2:T9
15937104	NO_RELATION	Arg1:T3	Arg2:T20
2899826	NO_RELATION	Arg1:T9	Arg2:T33
2899826	NO_RELATION	Arg1:T11	Arg2:T33
2899826	DIRECT-REGULATOR	Arg1:T15	Arg2:T34
2899826	DIRECT-REGULATOR	Arg1:T16	Arg2:T34
2899826	NO_RELATION	Arg1:T18	Arg2:T35
2899826	NO_RELATION	Arg1:T20	Arg2:T35
2899826	NO_RELATION	Arg1:T21	Arg2:T35
15474503	INDIRECT-DOWNREGULATOR	Arg1:T16	Arg2:T41
15474503	INHIBITOR	Arg1:T6	Arg2:T32
15474503	NO_RELATION	Arg1:T9	Arg2:T34
7516184	PART-OF	Arg1:T5	Arg2:T28
7516184	NO_RELATION	Arg1:T3	Arg2:T15
7516184	NO_RELATION	Arg1:T3	Arg2:T16
23535337	NO_RELATION	Arg1:T11	Arg2:T29
23535337	NO_RELATION	Arg1:T11	Arg2:T31
23535337	NO_RELATION	Arg1:T1	Arg2:T14
23535337	NO_RELATION	Arg1:T1	Arg2:T15
23535337	NO_RELATION	Arg1:T1	Arg2:T16
16516814	NO_RELATION	Arg1:T2	Arg2:T23
16516814	NO_RELATION	Arg1:T18	Arg2:T40
16516814	NO_RELATION	Arg1:T18	Arg2:T41
16516814	NO_RELATION	Arg1:T18	Arg2:T42
23322166	NO_RELATION	Arg1:T3	Arg2:T17
23322166	NO_RELATION	Arg1:T1	Arg2:T12
23322166	NO_RELATION	Arg1:T1	Arg2:T13
23322166	NO_RELATION	Arg1:T1	Arg2:T15
23322166	NO_RELATION	Arg1:T4	Arg2:T8
23322166	INDIRECT-UPREGULATOR	Arg1:T4	Arg2:T16
23322166	NO_RELATION	Arg1:T5	Arg2:T8
23322166	NO_RELATION	Arg1:T5	Arg2:T16
23322166	NO_RELATION	Arg1:T2	Arg2:T16
11695255	NO_RELATION	Arg1:T10	Arg2:T21
11695255	NO_RELATION	Arg1:T10	Arg2:T22
11695255	NO_RELATION	Arg1:T15	Arg2:T26
11695255	NO_RELATION	Arg1:T15	Arg2:T27
11695255	INHIBITOR	Arg1:T6	Arg2:T16
11695255	INHIBITOR	Arg1:T7	Arg2:T16
11695255	NO_RELATION	Arg1:T8	Arg2:T16
23608535	NO_RELATION	Arg1:T1	Arg2:T5
23608535	NO_RELATION	Arg1:T1	Arg2:T7
